lat_deg,lon_deg,alt_km,x_ecef_m,y_ecef_m,z_ecef_m,ax_m_s2,ay_m_s2,az_m_s2,g_total_m_s2,g_point_mass_m_s2,delta_g_m_s2,delta_g_mGal
0,0,200.000000,6578136.300000,0.000000,0.000000,-9.217868,-0.000010,-0.000030,9.217868,9.211536,0.006333,633.257706
0,0,250.000000,6628136.300000,0.000000,0.000000,-9.079227,-0.000010,-0.000030,9.079227,9.073084,0.006143,614.349698
0,0,300.000000,6678136.300000,0.000000,0.000000,-8.943691,-0.000010,-0.000031,8.943691,8.937730,0.005962,596.151067
0,0,350.000000,6728136.300000,0.000000,0.000000,-8.811169,-0.000010,-0.000031,8.811169,8.805382,0.005786,578.626008
0,0,400.000000,6778136.300000,0.000000,0.000000,-8.681570,-0.000009,-0.000031,8.681570,8.675953,0.005617,561.742453
0,0,450.000000,6828136.300000,0.000000,0.000000,-8.554811,-0.000009,-0.000030,8.554811,8.549356,0.005455,545.471086
0,0,500.000000,6878136.300000,0.000000,0.000000,-8.430808,-0.000009,-0.000030,8.430808,8.425510,0.005298,529.784723
0,0,550.000000,6928136.300000,0.000000,0.000000,-8.309483,-0.000008,-0.000029,8.309483,8.304336,0.005147,514.657920
0,0,600.000000,6978136.300000,0.000000,0.000000,-8.190758,-0.000008,-0.000028,8.190758,8.185758,0.005001,500.066714
0,0,650.000000,7028136.300000,0.000000,0.000000,-8.074561,-0.000008,-0.000028,8.074561,8.069701,0.004860,485.988444
0,0,700.000000,7078136.300000,0.000000,0.000000,-7.960819,-0.000008,-0.000027,7.960819,7.956094,0.004724,472.401624
0,0,750.000000,7128136.300000,0.000000,0.000000,-7.849463,-0.000007,-0.000026,7.849463,7.844871,0.004593,459.285843
0,0,800.000000,7178136.300000,0.000000,0.000000,-7.740429,-0.000007,-0.000025,7.740429,7.735963,0.004466,446.621688
0,0,850.000000,7228136.300000,0.000000,0.000000,-7.633651,-0.000007,-0.000024,7.633651,7.629307,0.004344,434.390680
0,0,900.000000,7278136.300000,0.000000,0.000000,-7.529068,-0.000007,-0.000024,7.529068,7.524842,0.004226,422.575215
0,0,950.000000,7328136.300000,0.000000,0.000000,-7.426620,-0.000006,-0.000023,7.426620,7.422508,0.004112,411.158516
0,0,1000.000000,7378136.300000,0.000000,0.000000,-7.326249,-0.000006,-0.000022,7.326249,7.322248,0.004001,400.124585
0,0,1050.000000,7428136.300000,0.000000,0.000000,-7.227900,-0.000006,-0.000021,7.227900,7.224005,0.003895,389.458165
0,0,1100.000000,7478136.300000,0.000000,0.000000,-7.131518,-0.000006,-0.000021,7.131518,7.127726,0.003791,379.144698
0,0,1150.000000,7528136.300000,0.000000,0.000000,-7.037051,-0.000005,-0.000020,7.037051,7.033360,0.003692,369.170292
0,0,1200.000000,7578136.300000,0.000000,0.000000,-6.944450,-0.000005,-0.000019,6.944450,6.940855,0.003595,359.521681
0,0,1250.000000,7628136.300000,0.000000,0.000000,-6.853665,-0.000005,-0.000019,6.853665,6.850163,0.003502,350.186202
0,0,1300.000000,7678136.300000,0.000000,0.000000,-6.764648,-0.000005,-0.000018,6.764648,6.761237,0.003412,341.151755
0,0,1350.000000,7728136.300000,0.000000,0.000000,-6.677355,-0.000005,-0.000018,6.677355,6.674031,0.003324,332.406781
0,0,1400.000000,7778136.300000,0.000000,0.000000,-6.591741,-0.000005,-0.000017,6.591741,6.588502,0.003239,323.940234
0,0,1450.000000,7828136.300000,0.000000,0.000000,-6.507764,-0.000004,-0.000017,6.507764,6.504606,0.003157,315.741554
0,0,1500.000000,7878136.300000,0.000000,0.000000,-6.425381,-0.000004,-0.000016,6.425381,6.422303,0.003078,307.800642
0,0,1550.000000,7928136.300000,0.000000,0.000000,-6.344553,-0.000004,-0.000015,6.344553,6.341552,0.003001,300.107842
0,0,1600.000000,7978136.300000,0.000000,0.000000,-6.265241,-0.000004,-0.000015,6.265241,6.262314,0.002927,292.653914
0,0,1650.000000,8028136.300000,0.000000,0.000000,-6.187407,-0.000004,-0.000015,6.187407,6.184553,0.002854,285.430016
0,0,1700.000000,8078136.300000,0.000000,0.000000,-6.111015,-0.000004,-0.000014,6.111015,6.108231,0.002784,278.427685
0,0,1750.000000,8128136.300000,0.000000,0.000000,-6.036029,-0.000004,-0.000014,6.036029,6.033312,0.002716,271.638820
0,0,1800.000000,8178136.300000,0.000000,0.000000,-5.962415,-0.000004,-0.000013,5.962415,5.959764,0.002651,265.055659
0,0,1850.000000,8228136.300000,0.000000,0.000000,-5.890140,-0.000003,-0.000013,5.890140,5.887553,0.002587,258.670771
0,0,1900.000000,8278136.300000,0.000000,0.000000,-5.819171,-0.000003,-0.000012,5.819171,5.816646,0.002525,252.477032
0,0,1950.000000,8328136.300000,0.000000,0.000000,-5.749477,-0.000003,-0.000012,5.749477,5.747012,0.002465,246.467618
0,0,2000.000000,8378136.300000,0.000000,0.000000,-5.681028,-0.000003,-0.000012,5.681028,5.678622,0.002406,240.635985
-90.000000,0,400,0.000000,0.000000,-6778136.300000,0.000000,0.000000,8.664776,8.664776,8.675953,-0.011177,-1117.698386
-85.000000,0,400,590753.503671,0.000000,-6752343.445003,-0.756168,0.000002,8.631865,8.664923,8.675953,-0.011030,-1103.020256
-80.000000,0,400,1177011.016473,0.000000,-6675161.179213,-1.506594,0.000004,8.533339,8.665316,8.675953,-0.010637,-1063.690841
-75.000000,0,400,1754310.764741,0.000000,-6547176.906277,-2.245593,0.000006,8.369946,8.665950,8.675953,-0.010003,-1000.258617
-70.000000,0,400,2318259.148807,0.000000,-6369364.663791,-2.967557,0.000006,8.142898,8.666787,8.675953,-0.009166,-916.619743
-65.000000,0,400,2864564.180948,0.000000,-6143077.710286,-3.667023,0.000007,7.853911,8.667813,8.675953,-0.008140,-813.984913
-60.000000,0,400,3389068.150000,0.000000,-5870038.226113,-4.338666,0.000006,7.505178,8.669009,8.675953,-0.006944,-694.393491
-55.000000,0,400,3887779.264056,0.000000,-5552324.206614,-4.977369,0.000005,7.099336,8.670339,8.675953,-0.005614,-561.368065
-50.000000,0,400,4356902.030407,0.000000,-5192353.647318,-5.578266,0.000005,6.639436,8.671745,8.675953,-0.004208,-420.761768
-45.000000,0,400,4792866.141537,0.000000,-4792866.141537,-6.136787,0.000005,6.128954,8.673190,8.675953,-0.002763,-276.252423
-40.000000,0,400,5192353.647318,0.000000,-4356902.030407,-6.648667,0.000006,5.571764,8.674637,8.675953,-0.001316,-131.575190
-35.000000,0,400,5552324.206614,0.000000,-3887779.264056,-7.109995,0.000009,4.972097,8.676046,8.675953,0.000094,9.358887
-30.000000,0,400,5870038.226113,0.000000,-3389068.150000,-7.517234,0.000011,4.334516,8.677375,8.675953,0.001422,142.205390
-25.000000,0,400,6143077.710286,0.000000,-2864564.180948,-7.867257,0.000011,3.663862,8.678572,8.675953,0.002619,261.895092
-20.000000,0,400,6369364.663791,0.000000,-2318259.148807,-8.157380,0.000008,2.965236,8.679601,8.675953,0.003648,364.849715
-15.000000,0,400,6547176.906277,0.000000,-1754310.764741,-8.385380,0.000003,2.243965,8.680436,8.675953,0.004483,448.320272
-10.000000,0,400,6675161.179213,0.000000,-1177011.016473,-8.549503,-0.000004,1.505552,8.681053,8.675953,0.005100,510.038258
-5.000000,0,400,6752343.445003,0.000000,-590753.503671,-8.648490,-0.000008,0.755644,8.681439,8.675953,0.005486,548.612798
0.000000,0,400,6778136.300000,0.000000,0.000000,-8.681570,-0.000009,-0.000031,8.681570,8.675953,0.005617,561.742453
5.000000,0,400,6752343.445003,0.000000,590753.503671,-8.648495,-0.000012,-0.755713,8.681449,8.675953,0.005497,549.662215
10.000000,0,400,6675161.179213,0.000000,1177011.016473,-8.549515,-0.000012,-1.505612,8.681075,8.675953,0.005123,512.268435
15.000000,0,400,6547176.906277,0.000000,1754310.764741,-8.385387,-0.000012,-2.244017,8.680456,8.675953,0.004504,450.355467
20.000000,0,400,6369364.663791,0.000000,2318259.148807,-8.157385,-0.000008,-2.965284,8.679622,8.675953,0.003669,366.895749
25.000000,0,400,6143077.710286,0.000000,2864564.180948,-7.867250,-0.000009,-3.663910,8.678586,8.675953,0.002634,263.360249
30.000000,0,400,5870038.226113,0.000000,3389068.150000,-7.517222,-0.000016,-4.334587,8.677400,8.675953,0.001448,144.762417
35.000000,0,400,5552324.206614,0.000000,3887779.264056,-7.109997,-0.000015,-4.972178,8.676094,8.675953,0.000141,14.137765
40.000000,0,400,5192353.647318,0.000000,4356902.030407,-6.648679,-0.000012,-5.571834,8.674691,8.675953,-0.001262,-126.187361
45.000000,0,400,4792866.141537,0.000000,4792866.141537,-6.136798,-0.000011,-6.129009,8.673237,8.675953,-0.002716,-271.601755
50.000000,0,400,4356902.030407,0.000000,5192353.647318,-5.578268,-0.000014,-6.639485,8.671784,8.675953,-0.004169,-416.920614
55.000000,0,400,3887779.264056,0.000000,5552324.206614,-4.977358,-0.000017,-7.099393,8.670379,8.675953,-0.005574,-557.419322
60.000000,0,400,3389068.150000,0.000000,5870038.226113,-4.338651,-0.000016,-7.505250,8.669064,8.675953,-0.006889,-688.885007
65.000000,0,400,2864564.180948,0.000000,6143077.710286,-3.667014,-0.000015,-7.853986,8.667877,8.675953,-0.008076,-807.620291
70.000000,0,400,2318259.148807,0.000000,6369364.663791,-2.967553,-0.000011,-8.142969,8.666851,8.675953,-0.009102,-910.169053
75.000000,0,400,1754310.764741,0.000000,6547176.906277,-2.245585,-0.000007,-8.370012,8.666011,8.675953,-0.009941,-994.142693
80.000000,0,400,1177011.016473,0.000000,6675161.179213,-1.506585,-0.000003,-8.533408,8.665382,8.675953,-0.010570,-1057.041775
85.000000,0,400,590753.503671,0.000000,6752343.445003,-0.756162,-0.000001,-8.631934,8.664991,8.675953,-0.010962,-1096.193637
90.000000,0,400,0.000000,0.000000,6778136.300000,-0.000000,0.000000,-8.664848,8.664848,8.675953,-0.011105,-1110.472052
-90.000000,-180.000000,400,-0.000000,-0.000000,-6778136.300000,0.000000,-0.000000,8.664776,8.664776,8.675953,-0.011177,-1117.698386
-90.000000,-170.000000,400,-0.000000,-0.000000,-6778136.300000,0.000000,-0.000000,8.664776,8.664776,8.675953,-0.011177,-1117.698386
-90.000000,-160.000000,400,-0.000000,-0.000000,-6778136.300000,0.000000,-0.000000,8.664776,8.664776,8.675953,-0.011177,-1117.698386
-90.000000,-150.000000,400,-0.000000,-0.000000,-6778136.300000,0.000000,-0.000000,8.664776,8.664776,8.675953,-0.011177,-1117.698386
-90.000000,-140.000000,400,-0.000000,-0.000000,-6778136.300000,0.000000,-0.000000,8.664776,8.664776,8.675953,-0.011177,-1117.698386
-90.000000,-130.000000,400,-0.000000,-0.000000,-6778136.300000,0.000000,-0.000000,8.664776,8.664776,8.675953,-0.011177,-1117.698386
-90.000000,-120.000000,400,-0.000000,-0.000000,-6778136.300000,0.000000,-0.000000,8.664776,8.664776,8.675953,-0.011177,-1117.698386
-90.000000,-110.000000,400,-0.000000,-0.000000,-6778136.300000,0.000000,-0.000000,8.664776,8.664776,8.675953,-0.011177,-1117.698386
-90.000000,-100.000000,400,-0.000000,-0.000000,-6778136.300000,0.000000,-0.000000,8.664776,8.664776,8.675953,-0.011177,-1117.698386
-90.000000,-90.000000,400,0.000000,-0.000000,-6778136.300000,0.000000,0.000000,8.664776,8.664776,8.675953,-0.011177,-1117.698386
-90.000000,-80.000000,400,0.000000,-0.000000,-6778136.300000,0.000000,0.000000,8.664776,8.664776,8.675953,-0.011177,-1117.698386
-90.000000,-70.000000,400,0.000000,-0.000000,-6778136.300000,0.000000,0.000000,8.664776,8.664776,8.675953,-0.011177,-1117.698386
-90.000000,-60.000000,400,0.000000,-0.000000,-6778136.300000,0.000000,0.000000,8.664776,8.664776,8.675953,-0.011177,-1117.698386
-90.000000,-50.000000,400,0.000000,-0.000000,-6778136.300000,0.000000,0.000000,8.664776,8.664776,8.675953,-0.011177,-1117.698386
-90.000000,-40.000000,400,0.000000,-0.000000,-6778136.300000,0.000000,0.000000,8.664776,8.664776,8.675953,-0.011177,-1117.698386
-90.000000,-30.000000,400,0.000000,-0.000000,-6778136.300000,0.000000,0.000000,8.664776,8.664776,8.675953,-0.011177,-1117.698386
-90.000000,-20.000000,400,0.000000,-0.000000,-6778136.300000,0.000000,0.000000,8.664776,8.664776,8.675953,-0.011177,-1117.698386
-90.000000,-10.000000,400,0.000000,-0.000000,-6778136.300000,0.000000,0.000000,8.664776,8.664776,8.675953,-0.011177,-1117.698386
-90.000000,0.000000,400,0.000000,0.000000,-6778136.300000,0.000000,0.000000,8.664776,8.664776,8.675953,-0.011177,-1117.698386
-90.000000,10.000000,400,0.000000,0.000000,-6778136.300000,0.000000,0.000000,8.664776,8.664776,8.675953,-0.011177,-1117.698386
-90.000000,20.000000,400,0.000000,0.000000,-6778136.300000,0.000000,0.000000,8.664776,8.664776,8.675953,-0.011177,-1117.698386
-90.000000,30.000000,400,0.000000,0.000000,-6778136.300000,0.000000,0.000000,8.664776,8.664776,8.675953,-0.011177,-1117.698386
-90.000000,40.000000,400,0.000000,0.000000,-6778136.300000,0.000000,0.000000,8.664776,8.664776,8.675953,-0.011177,-1117.698386
-90.000000,50.000000,400,0.000000,0.000000,-6778136.300000,0.000000,0.000000,8.664776,8.664776,8.675953,-0.011177,-1117.698386
-90.000000,60.000000,400,0.000000,0.000000,-6778136.300000,0.000000,0.000000,8.664776,8.664776,8.675953,-0.011177,-1117.698386
-90.000000,70.000000,400,0.000000,0.000000,-6778136.300000,0.000000,0.000000,8.664776,8.664776,8.675953,-0.011177,-1117.698386
-90.000000,80.000000,400,0.000000,0.000000,-6778136.300000,0.000000,0.000000,8.664776,8.664776,8.675953,-0.011177,-1117.698386
-90.000000,90.000000,400,0.000000,0.000000,-6778136.300000,0.000000,0.000000,8.664776,8.664776,8.675953,-0.011177,-1117.698386
-90.000000,100.000000,400,-0.000000,0.000000,-6778136.300000,-0.000000,0.000000,8.664776,8.664776,8.675953,-0.011177,-1117.698386
-90.000000,110.000000,400,-0.000000,0.000000,-6778136.300000,-0.000000,0.000000,8.664776,8.664776,8.675953,-0.011177,-1117.698386
-90.000000,120.000000,400,-0.000000,0.000000,-6778136.300000,-0.000000,0.000000,8.664776,8.664776,8.675953,-0.011177,-1117.698386
-90.000000,130.000000,400,-0.000000,0.000000,-6778136.300000,-0.000000,0.000000,8.664776,8.664776,8.675953,-0.011177,-1117.698386
-90.000000,140.000000,400,-0.000000,0.000000,-6778136.300000,-0.000000,0.000000,8.664776,8.664776,8.675953,-0.011177,-1117.698386
-90.000000,150.000000,400,-0.000000,0.000000,-6778136.300000,-0.000000,0.000000,8.664776,8.664776,8.675953,-0.011177,-1117.698386
-90.000000,160.000000,400,-0.000000,0.000000,-6778136.300000,-0.000000,0.000000,8.664776,8.664776,8.675953,-0.011177,-1117.698386
-90.000000,170.000000,400,-0.000000,0.000000,-6778136.300000,-0.000000,0.000000,8.664776,8.664776,8.675953,-0.011177,-1117.698386
-80.000000,-180.000000,400,-1177011.016473,-0.000000,-6675161.179213,1.506580,0.000002,8.533255,8.665231,8.675953,-0.010722,-1072.154444
-80.000000,-170.000000,400,-1159129.574403,-204385.818104,-6675161.179213,1.483695,0.261615,8.533254,8.665231,8.675953,-0.010722,-1072.226077
-80.000000,-160.000000,400,-1106028.566763,-402561.476550,-6675161.179213,1.415729,0.515281,8.533255,8.665232,8.675953,-0.010721,-1072.093359
-80.000000,-150.000000,400,-1019321.440800,-588505.508237,-6675161.179213,1.304747,0.753291,8.533258,8.665236,8.675953,-0.010717,-1071.707925
-80.000000,-140.000000,400,-901642.748659,-756568.097853,-6675161.179213,1.154121,0.968415,8.533264,8.665242,8.675953,-0.010711,-1071.088245
-80.000000,-130.000000,400,-756568.097853,-901642.748659,-6675161.179213,0.968426,1.154115,8.533271,8.665249,8.675953,-0.010703,-1070.331535
-80.000000,-120.000000,400,-588505.508237,-1019321.440800,-6675161.179213,0.753305,1.304748,8.533279,8.665257,8.675953,-0.010695,-1069.545902
-80.000000,-110.000000,400,-402561.476550,-1106028.566763,-6675161.179213,0.515295,1.415737,8.533287,8.665265,8.675953,-0.010688,-1068.777347
-80.000000,-100.000000,400,-204385.818104,-1159129.574403,-6675161.179213,0.261626,1.483709,8.533294,8.665272,8.675953,-0.010681,-1068.054100
-80.000000,-90.000000,400,0.000000,-1177011.016473,-6675161.179213,0.000008,1.506600,8.533300,8.665278,8.675953,-0.010675,-1067.469140
-80.000000,-80.000000,400,204385.818104,-1159129.574403,-6675161.179213,-0.261611,1.483714,8.533303,8.665282,8.675953,-0.010671,-1067.098629
-80.000000,-70.000000,400,402561.476550,-1106028.566763,-6675161.179213,-0.515282,1.415745,8.533305,8.665284,8.675953,-0.010669,-1066.857811
-80.000000,-60.000000,400,588505.508237,-1019321.440800,-6675161.179213,-0.753295,1.304759,8.533308,8.665287,8.675953,-0.010666,-1066.580905
-80.000000,-50.000000,400,756568.097853,-901642.748659,-6675161.179213,-0.968419,1.154126,8.533312,8.665291,8.675953,-0.010662,-1066.207051
-80.000000,-40.000000,400,901642.748659,-756568.097853,-6675161.179213,-1.154117,0.968427,8.533317,8.665295,8.675953,-0.010658,-1065.780871
-80.000000,-30.000000,400,1019321.440800,-588505.508237,-6675161.179213,-1.304747,0.753303,8.533322,8.665300,8.675953,-0.010653,-1065.301735
-80.000000,-20.000000,400,1106028.566763,-402561.476550,-6675161.179213,-1.415733,0.515291,8.533328,8.665305,8.675953,-0.010648,-1064.762317
-80.000000,-10.000000,400,1159129.574403,-204385.818104,-6675161.179213,-1.483704,0.261622,8.533334,8.665311,8.675953,-0.010642,-1064.222412
-80.000000,0.000000,400,1177011.016473,0.000000,-6675161.179213,-1.506594,0.000004,8.533339,8.665316,8.675953,-0.010637,-1063.690841
-80.000000,10.000000,400,1159129.574403,204385.818104,-6675161.179213,-1.483707,-0.261614,8.533344,8.665322,8.675953,-0.010631,-1063.128292
-80.000000,20.000000,400,1106028.566763,402561.476550,-6675161.179213,-1.415738,-0.515284,8.533350,8.665327,8.675953,-0.010626,-1062.574849
-80.000000,30.000000,400,1019321.440800,588505.508237,-6675161.179213,-1.304752,-0.753299,8.533354,8.665331,8.675953,-0.010621,-1062.144336
-80.000000,40.000000,400,901642.748659,756568.097853,-6675161.179213,-1.154122,-0.968425,8.533356,8.665334,8.675953,-0.010619,-1061.905114
-80.000000,50.000000,400,756568.097853,901642.748659,-6675161.179213,-0.968422,-1.154126,8.533356,8.665334,8.675953,-0.010618,-1061.844992
-80.000000,60.000000,400,588505.508237,1019321.440800,-6675161.179213,-0.753296,-1.304758,8.533355,8.665334,8.675953,-0.010619,-1061.927979
-80.000000,70.000000,400,402561.476550,1106028.566763,-6675161.179213,-0.515281,-1.415744,8.533353,8.665331,8.675953,-0.010622,-1062.172548
-80.000000,80.000000,400,204385.818104,1159129.574403,-6675161.179213,-0.261609,-1.483712,8.533348,8.665325,8.675953,-0.010627,-1062.729805
-80.000000,90.000000,400,0.000000,1177011.016473,-6675161.179213,0.000012,-1.506597,8.533338,8.665315,8.675953,-0.010638,-1063.763420
-80.000000,100.000000,400,-204385.818104,1159129.574403,-6675161.179213,0.261630,-1.483704,8.533323,8.665301,8.675953,-0.010652,-1065.212232
-80.000000,110.000000,400,-402561.476550,1106028.566763,-6675161.179213,0.515297,-1.415729,8.533307,8.665284,8.675953,-0.010668,-1066.846071
-80.000000,120.000000,400,-588505.508237,1019321.440800,-6675161.179213,0.753306,-1.304739,8.533291,8.665268,8.675953,-0.010684,-1068.441814
-80.000000,130.000000,400,-756568.097853,901642.748659,-6675161.179213,0.968424,-1.154105,8.533278,8.665254,8.675953,-0.010698,-1069.829215
-80.000000,140.000000,400,-901642.748659,756568.097853,-6675161.179213,1.154116,-0.968406,8.533268,8.665244,8.675953,-0.010709,-1070.860135
-80.000000,150.000000,400,-1019321.440800,588505.508237,-6675161.179213,1.304740,-0.753284,8.533262,8.665238,8.675953,-0.010715,-1071.455513
-80.000000,160.000000,400,-1106028.566763,402561.476550,-6675161.179213,1.415723,-0.515276,8.533260,8.665235,8.675953,-0.010717,-1071.748352
-80.000000,170.000000,400,-1159129.574403,204385.818104,-6675161.179213,1.483691,-0.261611,8.533258,8.665233,8.675953,-0.010720,-1071.964820
-70.000000,-180.000000,400,-2318259.148807,-0.000000,-6369364.663791,2.967575,0.000003,8.142757,8.666660,8.675953,-0.009293,-929.278089
-70.000000,-170.000000,400,-2283039.583237,-402561.476550,-6369364.663791,2.922497,0.515314,8.142753,8.666658,8.675953,-0.009294,-929.433595
-70.000000,-160.000000,400,-2178451.015203,-792891.326341,-6369364.663791,2.788620,1.014970,8.142756,8.666662,8.675953,-0.009291,-929.055882
-70.000000,-150.000000,400,-2007671.315422,-1159129.574403,-6369364.663791,2.570010,1.483788,8.142761,8.666668,8.675953,-0.009284,-928.433748
-70.000000,-140.000000,400,-1775889.538653,-1490148.256896,-6369364.663791,2.273311,1.907522,8.142772,8.666678,8.675953,-0.009275,-927.453869
-70.000000,-130.000000,400,-1490148.256896,-1775889.538653,-6369364.663791,1.907536,2.273296,8.142786,8.666691,8.675953,-0.009262,-926.180209
-70.000000,-120.000000,400,-1159129.574403,-2007671.315422,-6369364.663791,1.483803,2.569998,8.142799,8.666703,8.675953,-0.009250,-925.000562
-70.000000,-110.000000,400,-792891.326341,-2178451.015203,-6369364.663791,1.014986,2.788612,8.142811,8.666713,8.675953,-0.009240,-923.963459
-70.000000,-100.000000,400,-402561.476550,-2283039.583237,-6369364.663791,0.515329,2.922496,8.142822,8.666724,8.675953,-0.009229,-922.899971
-70.000000,-90.000000,400,0.000000,-2318259.148807,-6369364.663791,0.000016,2.967582,8.142836,8.666737,8.675953,-0.009216,-921.627784
-70.000000,-80.000000,400,402561.476550,-2283039.583237,-6369364.663791,-0.515299,2.922500,8.142853,8.666752,8.675953,-0.009200,-920.044882
-70.000000,-70.000000,400,792891.326341,-2178451.015203,-6369364.663791,-1.014959,2.788619,8.142871,8.666769,8.675953,-0.009184,-918.396784
-70.000000,-60.000000,400,1159129.574403,-2007671.315422,-6369364.663791,-1.483783,2.570005,8.142878,8.666775,8.675953,-0.009177,-917.746577
-70.000000,-50.000000,400,1490148.256896,-1775889.538653,-6369364.663791,-1.907519,2.273303,8.142875,8.666773,8.675953,-0.009180,-918.004202
-70.000000,-40.000000,400,1775889.538653,-1490148.256896,-6369364.663791,-2.273293,1.907527,8.142874,8.666771,8.675953,-0.009182,-918.201427
-70.000000,-30.000000,400,2007671.315422,-1159129.574403,-6369364.663791,-2.569991,1.483792,8.142875,8.666770,8.675953,-0.009183,-918.254738
-70.000000,-20.000000,400,2178451.015203,-792891.326341,-6369364.663791,-2.788598,1.014974,8.142880,8.666773,8.675953,-0.009180,-917.972151
-70.000000,-10.000000,400,2283039.583237,-402561.476550,-6369364.663791,-2.922475,0.515318,8.142890,8.666780,8.675953,-0.009173,-917.318474
-70.000000,0.000000,400,2318259.148807,0.000000,-6369364.663791,-2.967557,0.000006,8.142898,8.666787,8.675953,-0.009166,-916.619743
-70.000000,10.000000,400,2283039.583237,402561.476550,-6369364.663791,-2.922475,-0.515306,8.142904,8.666792,8.675953,-0.009160,-916.042959
-70.000000,20.000000,400,2178451.015203,792891.326341,-6369364.663791,-2.788598,-1.014963,8.142906,8.666796,8.675953,-0.009157,-915.696439
-70.000000,30.000000,400,2007671.315422,1159129.574403,-6369364.663791,-2.569991,-1.483782,8.142910,8.666801,8.675953,-0.009152,-915.158056
-70.000000,40.000000,400,1775889.538653,1490148.256896,-6369364.663791,-2.273294,-1.907520,8.142916,8.666809,8.675953,-0.009144,-914.377263
-70.000000,50.000000,400,1490148.256896,1775889.538653,-6369364.663791,-1.907521,-2.273301,8.142920,8.666815,8.675953,-0.009138,-913.767427
-70.000000,60.000000,400,1159129.574403,2007671.315422,-6369364.663791,-1.483785,-2.570011,8.142916,8.666813,8.675953,-0.009140,-913.972673
-70.000000,70.000000,400,792891.326341,2178451.015203,-6369364.663791,-1.014963,-2.788627,8.142903,8.666803,8.675953,-0.009150,-915.003091
-70.000000,80.000000,400,402561.476550,2283039.583237,-6369364.663791,-0.515300,-2.922505,8.142897,8.666795,8.675953,-0.009158,-915.797682
-70.000000,90.000000,400,0.000000,2318259.148807,-6369364.663791,0.000020,-2.967581,8.142885,8.666782,8.675953,-0.009171,-917.080269
-70.000000,100.000000,400,-402561.476550,2283039.583237,-6369364.663791,0.515337,-2.922491,8.142861,8.666759,8.675953,-0.009194,-919.366969
-70.000000,110.000000,400,-792891.326341,2178451.015203,-6369364.663791,1.014991,-2.788603,8.142836,8.666735,8.675953,-0.009218,-921.806062
-70.000000,120.000000,400,-1159129.574403,2007671.315422,-6369364.663791,1.483802,-2.569984,8.142820,8.666718,8.675953,-0.009235,-923.511385
-70.000000,130.000000,400,-1490148.256896,1775889.538653,-6369364.663791,1.907528,-2.273279,8.142804,8.666701,8.675953,-0.009251,-925.138088
-70.000000,140.000000,400,-1775889.538653,1490148.256896,-6369364.663791,2.273297,-1.907506,8.142789,8.666688,8.675953,-0.009265,-926.508352
-70.000000,150.000000,400,-2007671.315422,1159129.574403,-6369364.663791,2.569995,-1.483777,8.142776,8.666675,8.675953,-0.009277,-927.739994
-70.000000,160.000000,400,-2178451.015203,792891.326341,-6369364.663791,2.788605,-1.014962,8.142770,8.666670,8.675953,-0.009283,-928.275897
-70.000000,170.000000,400,-2283039.583237,402561.476550,-6369364.663791,2.922486,-0.515308,8.142765,8.666666,8.675953,-0.009287,-928.691303
-60.000000,-180.000000,400,-3389068.150000,-0.000000,-5870038.226113,4.338686,0.000002,7.505042,8.668902,8.675953,-0.007051,-705.108666
-60.000000,-170.000000,400,-3337580.589607,-588505.508237,-5870038.226113,4.272775,0.753404,7.505047,8.668907,8.675953,-0.007046,-704.570450
-60.000000,-160.000000,400,-3184682.331896,-1159129.574403,-5870038.226113,4.077038,1.483916,7.505056,8.668917,8.675953,-0.007036,-703.612906
-60.000000,-150.000000,400,-2935019.113057,-1694534.075000,-5870038.226113,3.757422,2.169344,7.505064,8.668925,8.675953,-0.007028,-702.756822
-60.000000,-140.000000,400,-2596176.823659,-2178451.015203,-5870038.226113,3.323638,2.788856,7.505069,8.668930,8.675953,-0.007023,-702.256302
-60.000000,-130.000000,400,-2178451.015203,-2596176.823659,-5870038.226113,2.788867,3.323630,7.505076,8.668936,8.675953,-0.007017,-701.675465
-60.000000,-120.000000,400,-1694534.075000,-2935019.113057,-5870038.226113,2.169356,3.757416,7.505083,8.668942,8.675953,-0.007011,-701.089192
-60.000000,-110.000000,400,-1159129.574403,-3184682.331896,-5870038.226113,1.483931,4.077034,7.505090,8.668946,8.675953,-0.007007,-700.665722
-60.000000,-100.000000,400,-588505.508237,-3337580.589607,-5870038.226113,0.753419,4.272772,7.505100,8.668953,8.675953,-0.006999,-699.939483
-60.000000,-90.000000,400,0.000000,-3389068.150000,-5870038.226113,0.000017,4.338686,7.505114,8.668964,8.675953,-0.006989,-698.904309
-60.000000,-80.000000,400,588505.508237,-3337580.589607,-5870038.226113,-0.753386,4.272771,7.505133,8.668979,8.675953,-0.006974,-697.422032
-60.000000,-70.000000,400,1159129.574403,-3184682.331896,-5870038.226113,-1.483898,4.077028,7.505161,8.669000,8.675953,-0.006953,-695.304567
-60.000000,-60.000000,400,1694534.075000,-2935019.113057,-5870038.226113,-2.169325,3.757404,7.505183,8.669015,8.675953,-0.006938,-693.776697
-60.000000,-50.000000,400,2178451.015203,-2596176.823659,-5870038.226113,-2.788837,3.323617,7.505187,8.669018,8.675953,-0.006935,-693.506547
-60.000000,-40.000000,400,2596176.823659,-2178451.015203,-5870038.226113,-3.323608,2.788846,7.505186,8.669016,8.675953,-0.006936,-693.640564
-60.000000,-30.000000,400,2935019.113057,-1694534.075000,-5870038.226113,-3.757393,2.169337,7.505185,8.669015,8.675953,-0.006938,-693.768515
-60.000000,-20.000000,400,3184682.331896,-1159129.574403,-5870038.226113,-4.077012,1.483917,7.505179,8.669010,8.675953,-0.006943,-694.250718
-60.000000,-10.000000,400,3337580.589607,-588505.508237,-5870038.226113,-4.272753,0.753407,7.505176,8.669009,8.675953,-0.006944,-694.393659
-60.000000,0.000000,400,3389068.150000,0.000000,-5870038.226113,-4.338666,0.000006,7.505178,8.669009,8.675953,-0.006944,-694.393491
-60.000000,10.000000,400,3337580.589607,588505.508237,-5870038.226113,-4.272751,-0.753394,7.505185,8.669014,8.675953,-0.006938,-693.839430
-60.000000,20.000000,400,3184682.331896,1159129.574403,-5870038.226113,-4.077018,-1.483906,7.505192,8.669023,8.675953,-0.006930,-693.009975
-60.000000,30.000000,400,2935019.113057,1694534.075000,-5870038.226113,-3.757407,-2.169335,7.505196,8.669030,8.675953,-0.006922,-692.244148
-60.000000,40.000000,400,2596176.823659,2178451.015203,-5870038.226113,-3.323624,-2.788851,7.505203,8.669039,8.675953,-0.006913,-691.346028
-60.000000,50.000000,400,2178451.015203,2596176.823659,-5870038.226113,-2.788850,-3.323631,7.505202,8.669041,8.675953,-0.006912,-691.177476
-60.000000,60.000000,400,1694534.075000,2935019.113057,-5870038.226113,-2.169336,-3.757423,7.505198,8.669039,8.675953,-0.006914,-691.377728
-60.000000,70.000000,400,1159129.574403,3184682.331896,-5870038.226113,-1.483906,-4.077046,7.505190,8.669034,8.675953,-0.006919,-691.866901
-60.000000,80.000000,400,588505.508237,3337580.589607,-5870038.226113,-0.753384,-4.272783,7.505178,8.669024,8.675953,-0.006929,-692.928143
-60.000000,90.000000,400,0.000000,3389068.150000,-5870038.226113,0.000026,-4.338688,7.505156,8.669001,8.675953,-0.006952,-695.199677
-60.000000,100.000000,400,-588505.508237,3337580.589607,-5870038.226113,0.753429,-4.272761,7.505135,8.668979,8.675953,-0.006974,-697.426164
-60.000000,110.000000,400,-1159129.574403,3184682.331896,-5870038.226113,1.483933,-4.077010,7.505116,8.668958,8.675953,-0.006995,-699.503179
-60.000000,120.000000,400,-1694534.075000,2935019.113057,-5870038.226113,2.169347,-3.757388,7.505097,8.668939,8.675953,-0.007014,-701.393978
-60.000000,130.000000,400,-2178451.015203,2596176.823659,-5870038.226113,2.788847,-3.323605,7.505083,8.668927,8.675953,-0.007025,-702.548669
-60.000000,140.000000,400,-2596176.823659,2178451.015203,-5870038.226113,3.323616,-2.788840,7.505079,8.668925,8.675953,-0.007028,-702.811020
-60.000000,150.000000,400,-2935019.113057,1694534.075000,-5870038.226113,3.757401,-2.169333,7.505080,8.668927,8.675953,-0.007026,-702.594584
-60.000000,160.000000,400,-3184682.331896,1159129.574403,-5870038.226113,4.077023,-1.483908,7.505070,8.668920,8.675953,-0.007033,-703.254573
-60.000000,170.000000,400,-3337580.589607,588505.508237,-5870038.226113,4.272768,-0.753398,7.505050,8.668906,8.675953,-0.007046,-704.644353
-50.000000,-180.000000,400,-4356902.030407,-0.000000,-5192353.647318,5.578313,0.000008,6.639306,8.671676,8.675953,-0.004277,-427.714778
-50.000000,-170.000000,400,-4290710.898659,-756568.097853,-5192353.647318,5.493558,0.968669,6.639305,8.671671,8.675953,-0.004282,-428.221917
-50.000000,-160.000000,400,-4094148.687460,-1490148.256896,-5192353.647318,5.241884,1.907894,6.639315,8.671673,8.675953,-0.004280,-427.964191
-50.000000,-150.000000,400,-3773187.840132,-2178451.015203,-5192353.647318,4.830941,2.789149,6.639325,8.671676,8.675953,-0.004277,-427.661391
-50.000000,-140.000000,400,-3337580.589607,-2800562.641763,-5192353.647318,4.273216,3.585655,6.639327,8.671676,8.675953,-0.004277,-427.710673
-50.000000,-130.000000,400,-2800562.641763,-3337580.589607,-5192353.647318,3.585658,4.273214,6.639332,8.671680,8.675953,-0.004273,-427.326161
-50.000000,-120.000000,400,-2178451.015203,-3773187.840132,-5192353.647318,2.789149,4.830935,6.639343,8.671687,8.675953,-0.004265,-426.532731
-50.000000,-110.000000,400,-1490148.256896,-4094148.687460,-5192353.647318,1.907894,5.241873,6.639344,8.671688,8.675953,-0.004265,-426.488329
-50.000000,-100.000000,400,-756568.097853,-4290710.898659,-5192353.647318,0.968672,5.493537,6.639349,8.671691,8.675953,-0.004262,-426.219121
-50.000000,-90.000000,400,0.000000,-4356902.030407,-5192353.647318,0.000017,5.578285,6.639360,8.671699,8.675953,-0.004254,-425.371668
-50.000000,-80.000000,400,756568.097853,-4290710.898659,-5192353.647318,-0.968641,5.493540,6.639381,8.671714,8.675953,-0.004239,-423.883325
-50.000000,-70.000000,400,1490148.256896,-4094148.687460,-5192353.647318,-1.907876,5.241872,6.639400,8.671727,8.675953,-0.004226,-422.594717
-50.000000,-60.000000,400,2178451.015203,-3773187.840132,-5192353.647318,-2.789135,4.830923,6.639404,8.671723,8.675953,-0.004230,-423.021040
-50.000000,-50.000000,400,2800562.641763,-3337580.589607,-5192353.647318,-3.585635,4.273194,6.639395,8.671709,8.675953,-0.004244,-424.393232
-50.000000,-40.000000,400,3337580.589607,-2800562.641763,-5192353.647318,-4.273184,3.585638,6.639401,8.671709,8.675953,-0.004243,-424.337339
-50.000000,-30.000000,400,3773187.840132,-2178451.015203,-5192353.647318,-4.830905,2.789142,6.639413,8.671722,8.675953,-0.004231,-423.122781
-50.000000,-20.000000,400,4094148.687460,-1490148.256896,-5192353.647318,-5.241849,1.907893,6.639428,8.671738,8.675953,-0.004215,-421.464799
-50.000000,-10.000000,400,4290710.898659,-756568.097853,-5192353.647318,-5.493519,0.968664,6.639439,8.671748,8.675953,-0.004205,-420.492658
-50.000000,0.000000,400,4356902.030407,0.000000,-5192353.647318,-5.578266,0.000005,6.639436,8.671745,8.675953,-0.004208,-420.761768
-50.000000,10.000000,400,4290710.898659,756568.097853,-5192353.647318,-5.493526,-0.968649,6.639435,8.671747,8.675953,-0.004205,-420.537167
-50.000000,20.000000,400,4094148.687460,1490148.256896,-5192353.647318,-5.241866,-1.907875,6.639447,8.671759,8.675953,-0.004194,-419.382693
-50.000000,30.000000,400,3773187.840132,2178451.015203,-5192353.647318,-4.830936,-2.789136,6.639455,8.671769,8.675953,-0.004183,-418.337370
-50.000000,40.000000,400,3337580.589607,2800562.641763,-5192353.647318,-4.273214,-3.585653,6.639469,8.671782,8.675953,-0.004171,-417.074577
-50.000000,50.000000,400,2800562.641763,3337580.589607,-5192353.647318,-3.585649,-4.273226,6.639464,8.671783,8.675953,-0.004170,-416.979414
-50.000000,60.000000,400,2178451.015203,3773187.840132,-5192353.647318,-2.789134,-4.830954,6.639449,8.671774,8.675953,-0.004179,-417.897490
-50.000000,70.000000,400,1490148.256896,4094148.687460,-5192353.647318,-1.907871,-5.241890,6.639444,8.671770,8.675953,-0.004183,-418.255224
-50.000000,80.000000,400,756568.097853,4290710.898659,-5192353.647318,-0.968633,-5.493550,6.639426,8.671754,8.675953,-0.004199,-419.867813
-50.000000,90.000000,400,0.000000,4356902.030407,-5192353.647318,0.000030,-5.578285,6.639399,8.671729,8.675953,-0.004224,-422.386637
-50.000000,100.000000,400,-756568.097853,4290710.898659,-5192353.647318,0.968682,-5.493520,6.639376,8.671702,8.675953,-0.004250,-425.044003
-50.000000,110.000000,400,-1490148.256896,4094148.687460,-5192353.647318,1.907893,-5.241844,6.639354,8.671678,8.675953,-0.004274,-427.429929
-50.000000,120.000000,400,-2178451.015203,3773187.840132,-5192353.647318,2.789132,-4.830910,6.639339,8.671665,8.675953,-0.004288,-428.816944
-50.000000,130.000000,400,-2800562.641763,3337580.589607,-5192353.647318,3.585632,-4.273199,6.639336,8.671664,8.675953,-0.004288,-428.841896
-50.000000,140.000000,400,-3337580.589607,2800562.641763,-5192353.647318,4.273194,-3.585647,6.639340,8.671671,8.675953,-0.004282,-428.168785
-50.000000,150.000000,400,-3773187.840132,2178451.015203,-5192353.647318,4.830925,-2.789143,6.639335,8.671674,8.675953,-0.004279,-427.884967
-50.000000,160.000000,400,-4094148.687460,1490148.256896,-5192353.647318,5.241876,-1.907892,6.639329,8.671678,8.675953,-0.004274,-427.444561
-50.000000,170.000000,400,-4290710.898659,756568.097853,-5192353.647318,5.493560,-0.968661,6.639322,8.671684,8.675953,-0.004269,-426.903690
-40.000000,-180.000000,400,-5192353.647318,-0.000000,-4356902.030407,6.648723,0.000014,5.571700,8.674639,8.675953,-0.001314,-131.377823
-40.000000,-170.000000,400,-5113470.128260,-901642.748659,-4356902.030407,6.547701,1.154559,5.571683,8.674620,8.675953,-0.001332,-133.249770
-40.000000,-160.000000,400,-4879216.406896,-1775889.538653,-4356902.030407,6.247725,2.274007,5.571683,8.674609,8.675953,-0.001344,-134.419372
-40.000000,-150.000000,400,-4496710.164010,-2596176.823659,-4356902.030407,5.757922,3.324357,5.571679,8.674597,8.675953,-0.001356,-135.620784
-40.000000,-140.000000,400,-3977573.658237,-3337580.589607,-4356902.030407,5.093179,4.273696,5.571673,8.674588,8.675953,-0.001365,-136.468348
-40.000000,-130.000000,400,-3337580.589607,-3977573.658237,-4356902.030407,4.273686,5.093183,5.571675,8.674587,8.675953,-0.001366,-136.567543
-40.000000,-120.000000,400,-2596176.823659,-4496710.164010,-4356902.030407,3.324340,5.757919,5.571680,8.674588,8.675953,-0.001365,-136.451562
-40.000000,-110.000000,400,-1775889.538653,-4879216.406896,-4356902.030407,2.273988,6.247707,5.571685,8.674592,8.675953,-0.001361,-136.113393
-40.000000,-100.000000,400,-901642.748659,-5113470.128260,-4356902.030407,1.154543,6.547663,5.571694,8.674597,8.675953,-0.001356,-135.554734
-40.000000,-90.000000,400,0.000000,-5192353.647318,-4356902.030407,0.000017,6.648673,5.571709,8.674606,8.675953,-0.001346,-134.641979
-40.000000,-80.000000,400,901642.748659,-5113470.128260,-4356902.030407,-1.154510,6.547671,5.571730,8.674621,8.675953,-0.001331,-133.145332
-40.000000,-70.000000,400,1775889.538653,-4879216.406896,-4356902.030407,-2.273976,6.247721,5.571753,8.674643,8.675953,-0.001310,-131.018054
-40.000000,-60.000000,400,2596176.823659,-4496710.164010,-4356902.030407,-3.324350,5.757925,5.571730,8.674629,8.675953,-0.001324,-132.409351
-40.000000,-50.000000,400,3337580.589607,-3977573.658237,-4356902.030407,-4.273691,5.093172,5.571704,8.674602,8.675953,-0.001351,-135.096619
-40.000000,-40.000000,400,3977573.658237,-3337580.589607,-4356902.030407,-5.093165,4.273683,5.571703,8.674593,8.675953,-0.001359,-135.938018
-40.000000,-30.000000,400,4496710.164010,-2596176.823659,-4356902.030407,-5.757898,3.324350,5.571736,8.674615,8.675953,-0.001338,-133.761070
-40.000000,-20.000000,400,4879216.406896,-1775889.538653,-4356902.030407,-6.247694,2.273994,5.571774,8.674641,8.675953,-0.001312,-131.207969
-40.000000,-10.000000,400,5113470.128260,-901642.748659,-4356902.030407,-6.547654,1.154535,5.571779,8.674644,8.675953,-0.001309,-130.868743
-40.000000,0.000000,400,5192353.647318,0.000000,-4356902.030407,-6.648667,0.000006,5.571764,8.674637,8.675953,-0.001316,-131.575190
-40.000000,10.000000,400,5113470.128260,901642.748659,-4356902.030407,-6.547667,-1.154521,5.571772,8.674647,8.675953,-0.001306,-130.583949
-40.000000,20.000000,400,4879216.406896,1775889.538653,-4356902.030407,-6.247714,-2.273978,5.571783,8.674657,8.675953,-0.001296,-129.603205
-40.000000,30.000000,400,4496710.164010,2596176.823659,-4356902.030407,-5.757919,-3.324338,5.571798,8.674664,8.675953,-0.001289,-128.897983
-40.000000,40.000000,400,3977573.658237,3337580.589607,-4356902.030407,-5.093173,-4.273684,5.571822,8.674675,8.675953,-0.001278,-127.807681
-40.000000,50.000000,400,3337580.589607,3977573.658237,-4356902.030407,-4.273673,-5.093189,5.571823,8.674680,8.675953,-0.001273,-127.322060
-40.000000,60.000000,400,2596176.823659,4496710.164010,-4356902.030407,-3.324317,-5.757931,5.571796,8.674662,8.675953,-0.001291,-129.055447
-40.000000,70.000000,400,1775889.538653,4879216.406896,-4356902.030407,-2.273956,-6.247715,5.571782,8.674652,8.675953,-0.001301,-130.126490
-40.000000,80.000000,400,901642.748659,5113470.128260,-4356902.030407,-1.154499,-6.547661,5.571764,8.674635,8.675953,-0.001318,-131.812409
-40.000000,90.000000,400,0.000000,5192353.647318,-4356902.030407,0.000030,-6.648652,5.571735,8.674606,8.675953,-0.001346,-134.648773
-40.000000,100.000000,400,-901642.748659,5113470.128260,-4356902.030407,1.154545,-6.547628,5.571697,8.674573,8.675953,-0.001380,-137.986033
-40.000000,110.000000,400,-1775889.538653,4879216.406896,-4356902.030407,2.273971,-6.247674,5.571665,8.674551,8.675953,-0.001402,-140.195826
-40.000000,120.000000,400,-2596176.823659,4496710.164010,-4356902.030407,3.324310,-5.757900,5.571653,8.674547,8.675953,-0.001406,-140.550742
-40.000000,130.000000,400,-3337580.589607,3977573.658237,-4356902.030407,4.273653,-5.093181,5.571656,8.674558,8.675953,-0.001395,-139.496675
-40.000000,140.000000,400,-3977573.658237,3337580.589607,-4356902.030407,5.093163,-4.273711,5.571668,8.674584,8.675953,-0.001369,-136.928533
-40.000000,150.000000,400,-4496710.164010,2596176.823659,-4356902.030407,5.757933,-3.324364,5.571677,8.674605,8.675953,-0.001348,-134.789212
-40.000000,160.000000,400,-4879216.406896,1775889.538653,-4356902.030407,6.247739,-2.274006,5.571679,8.674615,8.675953,-0.001338,-133.769109
-40.000000,170.000000,400,-5113470.128260,901642.748659,-4356902.030407,6.547712,-1.154543,5.571699,8.674637,8.675953,-0.001315,-131.538743
-30.000000,-180.000000,400,-5870038.226113,-0.000000,-3389068.150000,7.517288,0.000029,4.334502,8.677415,8.675953,0.001462,146.187687
-30.000000,-170.000000,400,-5780859.155555,-1019321.440800,-3389068.150000,7.403051,1.305397,4.334477,8.677380,8.675953,0.001427,142.707394
-30.000000,-160.000000,400,-5516031.604810,-2007671.315422,-3389068.150000,7.063884,2.571077,4.334460,8.677352,8.675953,0.001399,139.892077
-30.000000,-150.000000,400,-5083602.225000,-2935019.113057,-3389068.150000,6.510099,3.758634,4.334451,8.677337,8.675953,0.001385,138.467747
-30.000000,-140.000000,400,-4496710.164010,-3773187.840132,-3389068.150000,5.758515,4.831988,4.334442,8.677326,8.675953,0.001374,137.356740
-30.000000,-130.000000,400,-3773187.840132,-4496710.164010,-3389068.150000,4.831971,5.758524,4.334440,8.677322,8.675953,0.001369,136.892431
-30.000000,-120.000000,400,-2935019.113057,-5083602.225000,-3389068.150000,3.758613,6.510102,4.334443,8.677326,8.675953,0.001373,137.337771
-30.000000,-110.000000,400,-2007671.315422,-5516031.604810,-3389068.150000,2.571048,7.063874,4.334450,8.677331,8.675953,0.001378,137.785199
-30.000000,-100.000000,400,-1019321.440800,-5780859.155555,-3389068.150000,1.305363,7.403015,4.334461,8.677336,8.675953,0.001383,138.283614
-30.000000,-90.000000,400,0.000000,-5870038.226113,-3389068.150000,0.000017,7.517223,4.334472,8.677343,8.675953,0.001391,139.054026
-30.000000,-80.000000,400,1019321.440800,-5780859.155555,-3389068.150000,-1.305329,7.403029,4.334490,8.677357,8.675953,0.001404,140.416290
-30.000000,-70.000000,400,2007671.315422,-5516031.604810,-3389068.150000,-2.571035,7.063907,4.334525,8.677391,8.675953,0.001438,143.800831
-30.000000,-60.000000,400,2935019.113057,-5083602.225000,-3389068.150000,-3.758635,6.510113,4.334506,8.677376,8.675953,0.001423,142.329577
-30.000000,-50.000000,400,3773187.840132,-4496710.164010,-3389068.150000,-4.831994,5.758515,4.334474,8.677346,8.675953,0.001393,139.317076
-30.000000,-40.000000,400,4496710.164010,-3773187.840132,-3389068.150000,-5.758515,4.831974,4.334456,8.677326,8.675953,0.001373,137.275147
-30.000000,-30.000000,400,5083602.225000,-2935019.113057,-3389068.150000,-6.510086,3.758621,4.334494,8.677343,8.675953,0.001390,139.035796
-30.000000,-20.000000,400,5516031.604810,-2007671.315422,-3389068.150000,-7.063862,2.571056,4.334521,8.677358,8.675953,0.001405,140.515852
-30.000000,-10.000000,400,5780859.155555,-1019321.440800,-3389068.150000,-7.403016,1.305364,4.334518,8.677366,8.675953,0.001413,141.280135
-30.000000,0.000000,400,5870038.226113,0.000000,-3389068.150000,-7.517234,0.000011,4.334516,8.677375,8.675953,0.001422,142.205390
-30.000000,10.000000,400,5780859.155555,1019321.440800,-3389068.150000,-7.403036,-1.305349,4.334526,8.677385,8.675953,0.001432,143.174691
-30.000000,20.000000,400,5516031.604810,2007671.315422,-3389068.150000,-7.063892,-2.571053,4.334551,8.677397,8.675953,0.001444,144.436894
-30.000000,30.000000,400,5083602.225000,2935019.113057,-3389068.150000,-6.510098,-3.758632,4.334560,8.677390,8.675953,0.001437,143.720003
-30.000000,40.000000,400,4496710.164010,3773187.840132,-3389068.150000,-5.758499,-4.831975,4.334564,8.677369,8.675953,0.001416,141.649675
-30.000000,50.000000,400,3773187.840132,4496710.164010,-3389068.150000,-4.831945,-5.758516,4.334579,8.677372,8.675953,0.001419,141.913463
-30.000000,60.000000,400,2935019.113057,5083602.225000,-3389068.150000,-3.758580,-6.510094,4.334569,8.677370,8.675953,0.001417,141.692116
-30.000000,70.000000,400,2007671.315422,5516031.604810,-3389068.150000,-2.571004,-7.063861,4.334553,8.677358,8.675953,0.001405,140.518063
-30.000000,80.000000,400,1019321.440800,5780859.155555,-3389068.150000,-1.305315,-7.402980,4.334527,8.677331,8.675953,0.001378,137.846649
-30.000000,90.000000,400,0.000000,5870038.226113,-3389068.150000,0.000020,-7.517168,4.334480,8.677300,8.675953,0.001347,134.730327
-30.000000,100.000000,400,-1019321.440800,5780859.155555,-3389068.150000,1.305342,-7.402971,4.334426,8.677277,8.675953,0.001324,132.446991
-30.000000,110.000000,400,-2007671.315422,5516031.604810,-3389068.150000,2.571006,-7.063859,4.334387,8.677274,8.675953,0.001321,132.143394
-30.000000,120.000000,400,-2935019.113057,5083602.225000,-3389068.150000,3.758580,-6.510122,4.334387,8.677299,8.675953,0.001347,134.653669
-30.000000,130.000000,400,-3773187.840132,4496710.164010,-3389068.150000,4.831955,-5.758569,4.334387,8.677316,8.675953,0.001364,136.357220
-30.000000,140.000000,400,-4496710.164010,3773187.840132,-3389068.150000,5.758530,-4.832036,4.334434,8.677359,8.675953,0.001406,140.643622
-30.000000,150.000000,400,-5083602.225000,2935019.113057,-3389068.150000,6.510147,-3.758662,4.334463,8.677392,8.675953,0.001439,143.881021
-30.000000,160.000000,400,-5516031.604810,2007671.315422,-3389068.150000,7.063938,-2.571076,4.334464,8.677397,8.675953,0.001445,144.450580
-30.000000,170.000000,400,-5780859.155555,1019321.440800,-3389068.150000,7.403088,-1.305365,4.334495,8.677415,8.675953,0.001463,146.263807
-20.000000,-180.000000,400,-6369364.663791,-0.000000,-2318259.148807,8.157435,0.000035,2.965271,8.679665,8.675953,0.003712,371.201708
-20.000000,-170.000000,400,-6272599.702663,-1106028.566763,-2318259.148807,8.033466,1.416566,2.965222,8.679619,8.675953,0.003666,366.578452
-20.000000,-160.000000,400,-5985244.973659,-2178451.015203,-2318259.148807,7.665421,2.790022,2.965194,8.679590,8.675953,0.003637,363.680515
-20.000000,-150.000000,400,-5516031.604810,-3184682.331896,-2318259.148807,7.064477,4.078710,2.965179,8.679573,8.675953,0.003620,362.048355
-20.000000,-140.000000,400,-4879216.406896,-4094148.687460,-2318259.148807,6.248887,5.243464,2.965174,8.679560,8.675953,0.003607,360.708209
-20.000000,-130.000000,400,-4094148.687460,-4879216.406896,-2318259.148807,5.243442,6.248899,2.965180,8.679558,8.675953,0.003605,360.503474
-20.000000,-120.000000,400,-3184682.331896,-5516031.604810,-2318259.148807,4.078683,7.064478,2.965197,8.679568,8.675953,0.003615,361.549352
-20.000000,-110.000000,400,-2178451.015203,-5985244.973659,-2318259.148807,2.789986,7.665412,2.965205,8.679574,8.675953,0.003621,362.109582
-20.000000,-100.000000,400,-1106028.566763,-6272599.702663,-2318259.148807,1.416518,8.033428,2.965209,8.679571,8.675953,0.003618,361.814874
-20.000000,-90.000000,400,0.000000,-6369364.663791,-2318259.148807,0.000018,8.157359,2.965214,8.679574,8.675953,0.003621,362.124830
-20.000000,-80.000000,400,1106028.566763,-6272599.702663,-2318259.148807,-1.416484,8.033451,2.965223,8.679591,8.675953,0.003639,363.857087
-20.000000,-70.000000,400,2178451.015203,-5985244.973659,-2318259.148807,-2.789978,7.665460,2.965272,8.679636,8.675953,0.003684,368.351139
-20.000000,-60.000000,400,3184682.331896,-5516031.604810,-2318259.148807,-4.078718,7.064484,2.965264,8.679611,8.675953,0.003659,365.864677
-20.000000,-50.000000,400,4094148.687460,-4879216.406896,-2318259.148807,-5.243456,6.248880,2.965214,8.679563,8.675953,0.003611,361.053710
-20.000000,-40.000000,400,4879216.406896,-4094148.687460,-2318259.148807,-6.248891,5.243447,2.965190,8.679558,8.675953,0.003605,360.511746
-20.000000,-30.000000,400,5516031.604810,-3184682.331896,-2318259.148807,-7.064466,4.078689,2.965200,8.679561,8.675953,0.003609,360.851373
-20.000000,-20.000000,400,5985244.973659,-2178451.015203,-2318259.148807,-7.665401,2.790004,2.965212,8.679573,8.675953,0.003620,361.972198
-20.000000,-10.000000,400,6272599.702663,-1106028.566763,-2318259.148807,-8.033444,1.416528,2.965225,8.679593,8.675953,0.003640,363.998206
-20.000000,0.000000,400,6369364.663791,0.000000,-2318259.148807,-8.157380,0.000008,2.965236,8.679601,8.675953,0.003648,364.849715
-20.000000,10.000000,400,6272599.702663,1106028.566763,-2318259.148807,-8.033456,-1.416515,2.965256,8.679613,8.675953,0.003660,365.991123
-20.000000,20.000000,400,5985244.973659,2178451.015203,-2318259.148807,-7.665416,-2.790010,2.965283,8.679612,8.675953,0.003659,365.878788
-20.000000,30.000000,400,5516031.604810,3184682.331896,-2318259.148807,-7.064453,-4.078704,2.965280,8.679586,8.675953,0.003633,363.321869
-20.000000,40.000000,400,4879216.406896,4094148.687460,-2318259.148807,-6.248858,-5.243447,2.965269,8.679562,8.675953,0.003609,360.905706
-20.000000,50.000000,400,4094148.687460,4879216.406896,-2318259.148807,-5.243407,-6.248888,2.965286,8.679565,8.675953,0.003612,361.184984
-20.000000,60.000000,400,3184682.331896,5516031.604810,-2318259.148807,-4.078635,-7.064454,2.965303,8.679562,8.675953,0.003609,360.886113
-20.000000,70.000000,400,2178451.015203,5985244.973659,-2318259.148807,-2.789927,-7.665361,2.965308,8.679544,8.675953,0.003592,359.162700
-20.000000,80.000000,400,1106028.566763,6272599.702663,-2318259.148807,-1.416476,-8.033348,2.965266,8.679510,8.675953,0.003557,355.712610
-20.000000,90.000000,400,0.000000,6369364.663791,-2318259.148807,-0.000009,-8.157279,2.965203,8.679494,8.675953,0.003542,354.168301
-20.000000,100.000000,400,-1106028.566763,6272599.702663,-2318259.148807,1.416463,-8.033387,2.965135,8.679499,8.675953,0.003546,354.597872
-20.000000,110.000000,400,-2178451.015203,5985244.973659,-2318259.148807,2.789925,-7.665424,2.965103,8.679530,8.675953,0.003577,357.698203
-20.000000,120.000000,400,-3184682.331896,5516031.604810,-2318259.148807,4.078646,-7.064545,2.965119,8.679579,8.675953,0.003626,362.575551
-20.000000,130.000000,400,-4094148.687460,4879216.406896,-2318259.148807,5.243458,-6.248989,2.965122,8.679612,8.675953,0.003660,365.953814
-20.000000,140.000000,400,-4879216.406896,4094148.687460,-2318259.148807,6.248946,-5.243542,2.965169,8.679648,8.675953,0.003695,369.473237
-20.000000,150.000000,400,-5516031.604810,3184682.331896,-2318259.148807,7.064562,-4.078744,2.965213,8.679670,8.675953,0.003717,371.743466
-20.000000,160.000000,400,-5985244.973659,2178451.015203,-2318259.148807,7.665503,-2.790015,2.965223,8.679670,8.675953,0.003717,371.713714
-20.000000,170.000000,400,-6272599.702663,1106028.566763,-2318259.148807,8.033526,-1.416516,2.965259,8.679679,8.675953,0.003726,372.589995
-10.000000,-180.000000,400,-6675161.179213,-0.000000,-1177011.016473,8.549528,0.000038,1.505638,8.681093,8.675953,0.005140,514.045215
-10.000000,-170.000000,400,-6573750.481896,-1159129.574403,-1177011.016473,8.419621,1.484644,1.505579,8.681069,8.675953,0.005116,511.606751
-10.000000,-160.000000,400,-6272599.702663,-2283039.583237,-1177011.016473,8.033897,2.924131,1.505539,8.681053,8.675953,0.005101,510.050926
-10.000000,-150.000000,400,-5780859.155555,-3337580.589607,-1177011.016473,7.404067,4.274772,1.505530,8.681043,8.675953,0.005090,509.042203
-10.000000,-140.000000,400,-5113470.128260,-4290710.898659,-1177011.016473,6.549270,5.495521,1.505533,8.681033,8.675953,0.005080,507.984224
-10.000000,-130.000000,400,-4290710.898659,-5113470.128260,-1177011.016473,5.495482,6.549284,1.505555,8.681022,8.675953,0.005069,506.891570
-10.000000,-120.000000,400,-3337580.589607,-5780859.155555,-1177011.016473,4.274730,7.404054,1.505582,8.681020,8.675953,0.005067,506.685400
-10.000000,-110.000000,400,-2283039.583237,-6272599.702663,-1177011.016473,2.924094,8.033870,1.505585,8.681024,8.675953,0.005071,507.149640
-10.000000,-100.000000,400,-1159129.574403,-6573750.481896,-1177011.016473,1.484607,8.419578,1.505563,8.681018,8.675953,0.005065,506.516005
-10.000000,-90.000000,400,0.000000,-6675161.179213,-1177011.016473,0.000021,8.549470,1.505554,8.681021,8.675953,0.005068,506.843753
-10.000000,-80.000000,400,1159129.574403,-6573750.481896,-1177011.016473,-1.484569,8.419620,1.505562,8.681051,8.675953,0.005099,509.867996
-10.000000,-70.000000,400,2283039.583237,-6272599.702663,-1177011.016473,-2.924112,8.033918,1.505662,8.681088,8.675953,0.005135,513.506531
-10.000000,-60.000000,400,3337580.589607,-5780859.155555,-1177011.016473,-4.274770,7.404048,1.505645,8.681045,8.675953,0.005092,509.236583
-10.000000,-50.000000,400,4290710.898659,-5113470.128260,-1177011.016473,-5.495488,6.549250,1.505578,8.681004,8.675953,0.005051,505.086411
-10.000000,-40.000000,400,5113470.128260,-4290710.898659,-1177011.016473,-6.549256,5.495501,1.505545,8.681011,8.675953,0.005058,505.836728
-10.000000,-30.000000,400,5780859.155555,-3337580.589607,-1177011.016473,-7.404048,4.274754,1.505525,8.681017,8.675953,0.005064,506.443709
-10.000000,-20.000000,400,6272599.702663,-2283039.583237,-1177011.016473,-8.033884,2.924125,1.505526,8.681037,8.675953,0.005085,508.470751
-10.000000,-10.000000,400,6573750.481896,-1159129.574403,-1177011.016473,-8.419619,1.484618,1.505539,8.681055,8.675953,0.005102,510.232411
-10.000000,0.000000,400,6675161.179213,0.000000,-1177011.016473,-8.549503,-0.000004,1.505552,8.681053,8.675953,0.005100,510.038258
-10.000000,10.000000,400,6573750.481896,1159129.574403,-1177011.016473,-8.419611,-1.484615,1.505586,8.681055,8.675953,0.005102,510.241946
-10.000000,20.000000,400,6272599.702663,2283039.583237,-1177011.016473,-8.033871,-2.924129,1.505618,8.681042,8.675953,0.005090,508.950277
-10.000000,30.000000,400,5780859.155555,3337580.589607,-1177011.016473,-7.404029,-4.274762,1.505587,8.681015,8.675953,0.005062,506.248257
-10.000000,40.000000,400,5113470.128260,4290710.898659,-1177011.016473,-6.549219,-5.495501,1.505577,8.680989,8.675953,0.005036,503.574822
-10.000000,50.000000,400,4290710.898659,5113470.128260,-1177011.016473,-5.495437,-6.549253,1.505625,8.680982,8.675953,0.005029,502.908200
-10.000000,60.000000,400,3337580.589607,5780859.155555,-1177011.016473,-4.274667,-7.404019,1.505648,8.680971,8.675953,0.005018,501.791917
-10.000000,70.000000,400,2283039.583237,6272599.702663,-1177011.016473,-2.924019,-8.033786,1.505660,8.680934,8.675953,0.004981,498.141914
-10.000000,80.000000,400,1159129.574403,6573750.481896,-1177011.016473,-1.484582,-8.419457,1.505627,8.680907,8.675953,0.004954,495.414627
-10.000000,90.000000,400,0.000000,6675161.179213,-1177011.016473,-0.000054,-8.549377,1.505553,8.680929,8.675953,0.004976,497.646809
-10.000000,100.000000,400,-1159129.574403,6573750.481896,-1177011.016473,1.484516,-8.419579,1.505490,8.680991,8.675953,0.005038,503.799921
-10.000000,110.000000,400,-2283039.583237,6272599.702663,-1177011.016473,2.924032,-8.033943,1.505456,8.681048,8.675953,0.005095,509.512538
-10.000000,120.000000,400,-3337580.589607,5780859.155555,-1177011.016473,4.274722,-7.404165,1.505464,8.681090,8.675953,0.005137,513.743458
-10.000000,130.000000,400,-4290710.898659,5113470.128260,-1177011.016473,5.495525,-6.549390,1.505503,8.681120,8.675953,0.005167,516.731894
-10.000000,140.000000,400,-5113470.128260,4290710.898659,-1177011.016473,6.549360,-5.495604,1.505532,8.681152,8.675953,0.005199,519.907497
-10.000000,150.000000,400,-5780859.155555,3337580.589607,-1177011.016473,7.404175,-4.274802,1.505572,8.681157,8.675953,0.005205,520.463134
-10.000000,160.000000,400,-6272599.702663,2283039.583237,-1177011.016473,8.033987,-2.924110,1.505600,8.681141,8.675953,0.005188,518.779840
-10.000000,170.000000,400,-6573750.481896,1159129.574403,-1177011.016473,8.419673,-1.484585,1.505644,8.681121,8.675953,0.005168,516.792571
0.000000,-180.000000,400,-6778136.300000,-0.000000,0.000000,8.681573,0.000030,0.000046,8.681573,8.675953,0.005620,562.044193
0.000000,-170.000000,400,-6675161.179213,-1177011.016473,0.000000,8.549669,1.507560,0.000011,8.681566,8.675953,0.005613,561.298352
0.000000,-160.000000,400,-6369364.663791,-2318259.148807,0.000000,8.158000,2.969291,-0.000017,8.681570,8.675953,0.005617,561.722065
0.000000,-150.000000,400,-5870038.226113,-3389068.150000,0.000000,7.518441,4.340808,-0.000008,8.681565,8.675953,0.005613,561.270333
0.000000,-140.000000,400,-5192353.647318,-4356902.030407,0.000000,6.650428,5.580416,0.000007,8.681546,8.675953,0.005593,559.313487
0.000000,-130.000000,400,-4356902.030407,-5192353.647318,0.000000,5.580355,6.650449,0.000033,8.681522,8.675953,0.005569,556.930596
0.000000,-120.000000,400,-3389068.150000,-5870038.226113,0.000000,4.340746,7.518408,0.000052,8.681505,8.675953,0.005553,555.254813
0.000000,-110.000000,400,-2318259.148807,-6369364.663791,0.000000,2.969262,8.157947,0.000037,8.681510,8.675953,0.005557,555.732485
0.000000,-100.000000,400,-1177011.016473,-6675161.179213,0.000000,1.507548,8.549626,-0.000004,8.681521,8.675953,0.005568,556.848459
0.000000,-90.000000,400,0.000000,-6778136.300000,0.000000,0.000024,8.681538,-0.000018,8.681538,8.675953,0.005585,558.481528
0.000000,-80.000000,400,1177011.016473,-6675161.179213,0.000000,-1.507518,8.549684,0.000016,8.681573,8.675953,0.005620,562.011917
0.000000,-70.000000,400,2318259.148807,-6369364.663791,0.000000,-2.969294,8.157998,0.000107,8.681569,8.675953,0.005616,561.617607
0.000000,-60.000000,400,3389068.150000,-5870038.226113,0.000000,-4.340784,7.518401,0.000091,8.681519,8.675953,0.005566,556.600338
0.000000,-50.000000,400,4356902.030407,-5192353.647318,0.000000,-5.580354,6.650413,0.000036,8.681494,8.675953,0.005541,554.101086
0.000000,-40.000000,400,5192353.647318,-4356902.030407,0.000000,-6.650399,5.580395,-0.000013,8.681510,8.675953,0.005558,555.754382
0.000000,-30.000000,400,5870038.226113,-3389068.150000,0.000000,-7.518420,4.340803,-0.000061,8.681544,8.675953,0.005591,559.130400
0.000000,-20.000000,400,6369364.663791,-2318259.148807,0.000000,-8.157990,2.969294,-0.000058,8.681561,8.675953,0.005608,560.848626
0.000000,-10.000000,400,6675161.179213,-1177011.016473,0.000000,-8.549680,1.507548,-0.000048,8.681575,8.675953,0.005622,562.181031
0.000000,0.000000,400,6778136.300000,0.000000,0.000000,-8.681570,-0.000009,-0.000031,8.681570,8.675953,0.005617,561.742453
0.000000,10.000000,400,6675161.179213,1177011.016473,0.000000,-8.549661,-1.507565,-0.000024,8.681559,8.675953,0.005606,560.573268
0.000000,20.000000,400,6369364.663791,2318259.148807,0.000000,-8.157942,-2.969290,-0.000001,8.681515,8.675953,0.005562,556.234420
0.000000,30.000000,400,5870038.226113,3389068.150000,0.000000,-7.518401,-4.340787,-0.000007,8.681520,8.675953,0.005567,556.694752
0.000000,40.000000,400,5192353.647318,4356902.030407,0.000000,-6.650378,-5.580400,-0.000028,8.681497,8.675953,0.005544,554.428255
0.000000,50.000000,400,4356902.030407,5192353.647318,0.000000,-5.580301,-6.650414,0.000025,8.681461,8.675953,0.005508,550.811972
0.000000,60.000000,400,3389068.150000,5870038.226113,0.000000,-4.340674,-7.518373,0.000055,8.681439,8.675953,0.005486,548.592505
0.000000,70.000000,400,2318259.148807,6369364.663791,0.000000,-2.969174,-8.157852,0.000079,8.681391,8.675953,0.005438,543.817907
0.000000,80.000000,400,1177011.016473,6675161.179213,0.000000,-1.507526,-8.549475,0.000059,8.681369,8.675953,0.005416,541.592021
0.000000,90.000000,400,0.000000,6778136.300000,0.000000,-0.000089,-8.681436,0.000014,8.681436,8.675953,0.005484,548.353207
0.000000,100.000000,400,-1177011.016473,6675161.179213,0.000000,1.507428,-8.549658,-0.000009,8.681532,8.675953,0.005579,557.917324
0.000000,110.000000,400,-2318259.148807,6369364.663791,0.000000,2.969196,-8.158072,-0.000015,8.681605,8.675953,0.005652,565.200525
0.000000,120.000000,400,-3389068.150000,5870038.226113,0.000000,4.340772,-7.518558,-0.000054,8.681648,8.675953,0.005696,569.566415
0.000000,130.000000,400,-4356902.030407,5192353.647318,0.000000,5.580436,-6.650565,-0.000060,8.681664,8.675953,0.005711,571.074589
0.000000,140.000000,400,-5192353.647318,4356902.030407,0.000000,6.650534,-5.580476,-0.000009,8.681666,8.675953,0.005713,571.282800
0.000000,150.000000,400,-5870038.226113,3389068.150000,0.000000,7.518539,-4.340811,0.000031,8.681651,8.675953,0.005699,569.851084
0.000000,160.000000,400,-6369364.663791,2318259.148807,0.000000,8.158070,-2.969259,0.000042,8.681624,8.675953,0.005671,567.143188
0.000000,170.000000,400,-6675161.179213,1177011.016473,0.000000,8.549707,-1.507508,0.000056,8.681593,8.675953,0.005641,564.056536
10.000000,-180.000000,400,-6675161.179213,-0.000000,1177011.016473,8.549508,0.000024,-1.505526,8.681054,8.675953,0.005101,510.075871
10.000000,-170.000000,400,-6573750.481896,-1159129.574403,1177011.016473,8.419613,1.484620,-1.505557,8.681053,8.675953,0.005100,510.011502
10.000000,-160.000000,400,-6272599.702663,-2283039.583237,1177011.016473,8.033896,2.924125,-1.505561,8.681054,8.675953,0.005101,510.141088
10.000000,-150.000000,400,-5780859.155555,-3337580.589607,1177011.016473,7.404060,4.274774,-1.505544,8.681040,8.675953,0.005087,508.722383
10.000000,-140.000000,400,-5113470.128260,-4290710.898659,1177011.016473,6.549250,5.495524,-1.505526,8.681018,8.675953,0.005065,506.498883
10.000000,-130.000000,400,-4290710.898659,-5113470.128260,1177011.016473,5.495454,6.549274,-1.505498,8.680987,8.675953,0.005034,503.386327
10.000000,-120.000000,400,-3337580.589607,-5780859.155555,1177011.016473,4.274711,7.404025,-1.505487,8.680970,8.675953,0.005017,501.679634
10.000000,-110.000000,400,-2283039.583237,-6272599.702663,1177011.016473,2.924103,8.033839,-1.505521,8.680987,8.675953,0.005034,503.438141
10.000000,-100.000000,400,-1159129.574403,-6573750.481896,1177011.016473,1.484625,8.419577,-1.505563,8.681020,8.675953,0.005067,506.737588
10.000000,-90.000000,400,0.000000,-6675161.179213,1177011.016473,0.000018,8.549492,-1.505555,8.681043,8.675953,0.005090,509.007235
10.000000,-80.000000,400,1159129.574403,-6573750.481896,1177011.016473,-1.484615,8.419620,-1.505506,8.681051,8.675953,0.005098,509.779423
10.000000,-70.000000,400,2283039.583237,-6272599.702663,1177011.016473,-2.924122,8.033876,-1.505435,8.681013,8.675953,0.005060,506.031658
10.000000,-60.000000,400,3337580.589607,-5780859.155555,1177011.016473,-4.274729,7.404021,-1.505445,8.680967,8.675953,0.005014,501.439073
10.000000,-50.000000,400,4290710.898659,-5113470.128260,1177011.016473,-5.495437,6.549247,-1.505527,8.680961,8.675953,0.005008,500.792761
10.000000,-40.000000,400,5113470.128260,-4290710.898659,1177011.016473,-6.549222,5.495514,-1.505590,8.681001,8.675953,0.005048,504.837324
10.000000,-30.000000,400,5780859.155555,-3337580.589607,1177011.016473,-7.404041,4.274778,-1.505623,8.681040,8.675953,0.005087,508.713298
10.000000,-20.000000,400,6272599.702663,-2283039.583237,1177011.016473,-8.033893,2.924131,-1.505635,8.681067,8.675953,0.005114,511.395201
10.000000,-10.000000,400,6573750.481896,-1159129.574403,1177011.016473,-8.419637,1.484616,-1.505632,8.681088,8.675953,0.005136,513.554715
10.000000,0.000000,400,6675161.179213,0.000000,1177011.016473,-8.549515,-0.000012,-1.505612,8.681075,8.675953,0.005123,512.268435
10.000000,10.000000,400,6573750.481896,1159129.574403,1177011.016473,-8.419617,-1.484633,-1.505606,8.681067,8.675953,0.005115,511.467566
10.000000,20.000000,400,6272599.702663,2283039.583237,1177011.016473,-8.033870,-2.924127,-1.505607,8.681039,8.675953,0.005086,508.597097
10.000000,30.000000,400,5780859.155555,3337580.589607,1177011.016473,-7.404039,-4.274763,-1.505603,8.681027,8.675953,0.005074,507.445330
10.000000,40.000000,400,5113470.128260,4290710.898659,1177011.016473,-6.549234,-5.495525,-1.505612,8.681021,8.675953,0.005069,506.858942
10.000000,50.000000,400,4290710.898659,5113470.128260,1177011.016473,-5.495415,-6.549280,-1.505579,8.680981,8.675953,0.005028,502.782726
10.000000,60.000000,400,3337580.589607,5780859.155555,1177011.016473,-4.274642,-7.404018,-1.505537,8.680938,8.675953,0.004985,498.509555
10.000000,70.000000,400,2283039.583237,6272599.702663,1177011.016473,-2.924012,-8.033761,-1.505513,8.680883,8.675953,0.004930,492.987030
10.000000,80.000000,400,1159129.574403,6573750.481896,1177011.016473,-1.484594,-8.419437,-1.505517,8.680871,8.675953,0.004918,491.790165
10.000000,90.000000,400,0.000000,6675161.179213,1177011.016473,-0.000078,-8.549379,-1.505510,8.680923,8.675953,0.004971,497.071058
10.000000,100.000000,400,-1159129.574403,6573750.481896,1177011.016473,1.484505,-8.419584,-1.505500,8.680996,8.675953,0.005043,504.273416
10.000000,110.000000,400,-2283039.583237,6272599.702663,1177011.016473,2.924017,-8.033950,-1.505510,8.681059,8.675953,0.005106,510.596541
10.000000,120.000000,400,-3337580.589607,5780859.155555,1177011.016473,4.274725,-7.404183,-1.505572,8.681126,8.675953,0.005173,517.338218
10.000000,130.000000,400,-4290710.898659,5113470.128260,1177011.016473,5.495543,-6.549379,-1.505587,8.681137,8.675953,0.005185,518.450009
10.000000,140.000000,400,-5113470.128260,4290710.898659,1177011.016473,6.549354,-5.495562,-1.505584,8.681131,8.675953,0.005178,517.773429
10.000000,150.000000,400,-5780859.155555,3337580.589607,1177011.016473,7.404150,-4.274765,-1.505551,8.681114,8.675953,0.005161,516.086495
10.000000,160.000000,400,-6272599.702663,2283039.583237,1177011.016473,8.033956,-2.924088,-1.505525,8.681091,8.675953,0.005138,513.805049
10.000000,170.000000,400,-6573750.481896,1159129.574403,1177011.016473,8.419645,-1.484580,-1.505518,8.681071,8.675953,0.005118,511.773904
20.000000,-180.000000,400,-6369364.663791,-0.000000,2318259.148807,8.157377,0.000015,-2.965178,8.679578,8.675953,0.003625,362.540675
20.000000,-170.000000,400,-6272599.702663,-1106028.566763,2318259.148807,8.033447,1.416525,-2.965205,8.679588,8.675953,0.003636,363.567481
20.000000,-160.000000,400,-5985244.973659,-2178451.015203,2318259.148807,7.665417,2.790009,-2.965213,8.679589,8.675953,0.003636,363.602941
20.000000,-150.000000,400,-5516031.604810,-3184682.331896,2318259.148807,7.064462,4.078711,-2.965188,8.679565,8.675953,0.003612,361.202990
20.000000,-140.000000,400,-4879216.406896,-4094148.687460,2318259.148807,6.248860,5.243465,-2.965165,8.679537,8.675953,0.003585,358.467446
20.000000,-130.000000,400,-4094148.687460,-4879216.406896,2318259.148807,5.243400,6.248884,-2.965143,8.679509,8.675953,0.003556,355.575133
20.000000,-120.000000,400,-3184682.331896,-5516031.604810,2318259.148807,4.078651,7.064431,-2.965141,8.679495,8.675953,0.003543,354.261495
20.000000,-110.000000,400,-2178451.015203,-5985244.973659,2318259.148807,2.789991,7.665362,-2.965173,8.679520,8.675953,0.003567,356.745624
20.000000,-100.000000,400,-1106028.566763,-6272599.702663,2318259.148807,1.416525,8.033421,-2.965193,8.679561,8.675953,0.003608,360.771520
20.000000,-90.000000,400,0.000000,-6369364.663791,2318259.148807,0.000005,8.157364,-2.965157,8.679559,8.675953,0.003606,360.595007
20.000000,-80.000000,400,1106028.566763,-6272599.702663,2318259.148807,-1.416527,8.033425,-2.965138,8.679545,8.675953,0.003592,359.217742
20.000000,-70.000000,400,2178451.015203,-5985244.973659,2318259.148807,-2.789988,7.665369,-2.965091,8.679498,8.675953,0.003545,354.516402
20.000000,-60.000000,400,3184682.331896,-5516031.604810,2318259.148807,-4.078633,7.064435,-2.965125,8.679485,8.675953,0.003532,353.189190
20.000000,-50.000000,400,4094148.687460,-4879216.406896,2318259.148807,-5.243376,6.248888,-2.965201,8.679516,8.675953,0.003564,356.351594
20.000000,-40.000000,400,4879216.406896,-4094148.687460,2318259.148807,-6.248836,5.243466,-2.965271,8.679557,8.675953,0.003604,360.438881
20.000000,-30.000000,400,5516031.604810,-3184682.331896,2318259.148807,-7.064453,4.078716,-2.965301,8.679599,8.675953,0.003646,364.625202
20.000000,-20.000000,400,5985244.973659,-2178451.015203,2318259.148807,-7.665417,2.790013,-2.965299,8.679619,8.675953,0.003666,366.598359
20.000000,-10.000000,400,6272599.702663,-1106028.566763,2318259.148807,-8.033453,1.416516,-2.965303,8.679626,8.675953,0.003673,367.346875
20.000000,0.000000,400,6369364.663791,0.000000,2318259.148807,-8.157385,-0.000008,-2.965284,8.679622,8.675953,0.003669,366.895749
20.000000,10.000000,400,6272599.702663,1106028.566763,2318259.148807,-8.033446,-1.416536,-2.965285,8.679617,8.675953,0.003664,366.402974
20.000000,20.000000,400,5985244.973659,2178451.015203,2318259.148807,-7.665407,-2.790014,-2.965278,8.679603,8.675953,0.003650,365.049614
20.000000,30.000000,400,5516031.604810,3184682.331896,2318259.148807,-7.064465,-4.078710,-2.965265,8.679593,8.675953,0.003640,364.009518
20.000000,40.000000,400,4879216.406896,4094148.687460,2318259.148807,-6.248862,-5.243479,-2.965268,8.679583,8.675953,0.003631,363.067470
20.000000,50.000000,400,4094148.687460,4879216.406896,2318259.148807,-5.243379,-6.248909,-2.965201,8.679533,8.675953,0.003581,358.062020
20.000000,60.000000,400,3184682.331896,5516031.604810,2318259.148807,-4.078600,-7.064447,-2.965209,8.679508,8.675953,0.003555,355.479851
20.000000,70.000000,400,2178451.015203,5985244.973659,2318259.148807,-2.789920,-7.665329,-2.965187,8.679473,8.675953,0.003520,352.007118
20.000000,80.000000,400,1106028.566763,6272599.702663,2318259.148807,-1.416501,-8.033328,-2.965170,8.679462,8.675953,0.003510,350.954751
20.000000,90.000000,400,0.000000,6369364.663791,2318259.148807,-0.000046,-8.157277,-2.965153,8.679476,8.675953,0.003523,352.329750
20.000000,100.000000,400,-1106028.566763,6272599.702663,2318259.148807,1.416438,-8.033407,-2.965133,8.679512,8.675953,0.003559,355.942307
20.000000,110.000000,400,-2178451.015203,5985244.973659,2318259.148807,2.789906,-7.665445,-2.965135,8.679554,8.675953,0.003601,360.090897
20.000000,120.000000,400,-3184682.331896,5516031.604810,2318259.148807,4.078644,-7.064558,-2.965200,8.679615,8.675953,0.003663,366.269497
20.000000,130.000000,400,-4094148.687460,4879216.406896,2318259.148807,5.243462,-6.248969,-2.965243,8.679641,8.675953,0.003688,368.786847
20.000000,140.000000,400,-4879216.406896,4094148.687460,2318259.148807,6.248948,-5.243496,-2.965267,8.679655,8.675953,0.003702,370.243613
20.000000,150.000000,400,-5516031.604810,3184682.331896,2318259.148807,7.064542,-4.078690,-2.965226,8.679633,8.675953,0.003681,368.053048
20.000000,160.000000,400,-5985244.973659,2178451.015203,2318259.148807,7.665462,-2.789968,-2.965183,8.679605,8.675953,0.003652,365.234255
20.000000,170.000000,400,-6272599.702663,1106028.566763,2318259.148807,8.033464,-1.416491,-2.965165,8.679585,8.675953,0.003632,363.204467
30.000000,-180.000000,400,-5870038.226113,-0.000000,3389068.150000,7.517213,0.000011,-4.334453,8.677326,8.675953,0.001373,137.281690
30.000000,-170.000000,400,-5780859.155555,-1019321.440800,3389068.150000,7.403012,1.305362,-4.334456,8.677331,8.675953,0.001378,137.778916
30.000000,-160.000000,400,-5516031.604810,-2007671.315422,3389068.150000,7.063863,2.571059,-4.334457,8.677328,8.675953,0.001375,137.504555
30.000000,-150.000000,400,-5083602.225000,-2935019.113057,3389068.150000,6.510074,3.758627,-4.334448,8.677315,8.675953,0.001362,136.190342
30.000000,-140.000000,400,-4496710.164010,-3773187.840132,3389068.150000,5.758484,4.831980,-4.334427,8.677294,8.675953,0.001341,134.094453
30.000000,-130.000000,400,-3773187.840132,-4496710.164010,3389068.150000,4.831934,5.758502,-4.334413,8.677273,8.675953,0.001321,132.057988
30.000000,-120.000000,400,-2935019.113057,-5083602.225000,3389068.150000,3.758586,6.510054,-4.334429,8.677272,8.675953,0.001319,131.881609
30.000000,-110.000000,400,-2007671.315422,-5516031.604810,3389068.150000,2.571041,7.063831,-4.334454,8.677295,8.675953,0.001342,134.225532
30.000000,-100.000000,400,-1019321.440800,-5780859.155555,3389068.150000,1.305348,7.402995,-4.334434,8.677303,8.675953,0.001351,135.056370
30.000000,-90.000000,400,0.000000,-5870038.226113,3389068.150000,-0.000001,7.517201,-4.334418,8.677297,8.675953,0.001345,134.468614
30.000000,-80.000000,400,1019321.440800,-5780859.155555,3389068.150000,-1.305359,7.402987,-4.334408,8.677285,8.675953,0.001332,133.203453
30.000000,-70.000000,400,2007671.315422,-5516031.604810,3389068.150000,-2.571016,7.063829,-4.334391,8.677255,8.675953,0.001302,130.193805
30.000000,-60.000000,400,2935019.113057,-5083602.225000,3389068.150000,-3.758551,6.510071,-4.334430,8.677270,8.675953,0.001317,131.693279
30.000000,-50.000000,400,3773187.840132,-4496710.164010,3389068.150000,-4.831900,5.758531,-4.334489,8.677311,8.675953,0.001358,135.825560
30.000000,-40.000000,400,4496710.164010,-3773187.840132,3389068.150000,-5.758467,4.832002,-4.334575,8.677369,8.675953,0.001416,141.601430
30.000000,-30.000000,400,5083602.225000,-2935019.113057,3389068.150000,-6.510071,3.758631,-4.334607,8.677393,8.675953,0.001441,144.053815
30.000000,-20.000000,400,5516031.604810,-2007671.315422,3389068.150000,-7.063868,2.571061,-4.334592,8.677400,8.675953,0.001447,144.705206
30.000000,-10.000000,400,5780859.155555,-1019321.440800,3389068.150000,-7.403028,1.305358,-4.334596,8.677413,8.675953,0.001461,146.054846
30.000000,0.000000,400,5870038.226113,0.000000,3389068.150000,-7.517222,-0.000016,-4.334587,8.677400,8.675953,0.001448,144.762417
30.000000,10.000000,400,5780859.155555,1019321.440800,3389068.150000,-7.403017,-1.305369,-4.334564,8.677390,8.675953,0.001438,143.754094
30.000000,20.000000,400,5516031.604810,2007671.315422,3389068.150000,-7.063869,-2.571070,-4.334552,8.677384,8.675953,0.001431,143.099133
30.000000,30.000000,400,5083602.225000,2935019.113057,3389068.150000,-6.510085,-3.758633,-4.334535,8.677369,8.675953,0.001416,141.587735
30.000000,40.000000,400,4496710.164010,3773187.840132,3389068.150000,-5.758485,-4.832005,-4.334539,8.677364,8.675953,0.001412,141.163784
30.000000,50.000000,400,3773187.840132,4496710.164010,3389068.150000,-4.831920,-5.758530,-4.334499,8.677327,8.675953,0.001374,137.396425
30.000000,60.000000,400,2935019.113057,5083602.225000,3389068.150000,-3.758559,-6.510102,-4.334471,8.677317,8.675953,0.001364,136.398341
30.000000,70.000000,400,2007671.315422,5516031.604810,3389068.150000,-2.570996,-7.063844,-4.334429,8.677280,8.675953,0.001328,132.763525
30.000000,80.000000,400,1019321.440800,5780859.155555,3389068.150000,-1.305347,-7.402967,-4.334441,8.677282,8.675953,0.001329,132.918140
30.000000,90.000000,400,0.000000,5870038.226113,3389068.150000,-0.000016,-7.517195,-4.334410,8.677289,8.675953,0.001336,133.598206
30.000000,100.000000,400,-1019321.440800,5780859.155555,3389068.150000,1.305311,-7.403005,-4.334391,8.677284,8.675953,0.001331,133.143518
30.000000,110.000000,400,-2007671.315422,5516031.604810,3389068.150000,2.570977,-7.063890,-4.334400,8.677297,8.675953,0.001344,134.445227
30.000000,120.000000,400,-2935019.113057,5083602.225000,3389068.150000,3.758558,-6.510149,-4.334476,8.677355,8.675953,0.001402,140.209411
30.000000,130.000000,400,-3773187.840132,4496710.164010,3389068.150000,4.831964,-5.758566,-4.334535,8.677393,8.675953,0.001440,144.038164
30.000000,140.000000,400,-4496710.164010,3773187.840132,3389068.150000,5.758549,-4.831994,-4.334544,8.677403,8.675953,0.001451,145.057892
30.000000,150.000000,400,-5083602.225000,2935019.113057,3389068.150000,6.510134,-3.758598,-4.334500,8.677372,8.675953,0.001419,141.924222
30.000000,160.000000,400,-5516031.604810,2007671.315422,3389068.150000,7.063891,-2.571016,-4.334463,8.677341,8.675953,0.001389,138.850440
30.000000,170.000000,400,-5780859.155555,1019321.440800,3389068.150000,7.403015,-1.305333,-4.334446,8.677324,8.675953,0.001371,137.112753
40.000000,-180.000000,400,-5192353.647318,-0.000000,4356902.030407,6.648644,0.000009,-5.571708,8.674584,8.675953,-0.001369,-136.882203
40.000000,-170.000000,400,-5113470.128260,-901642.748659,4356902.030407,6.547631,1.154534,-5.571719,8.674588,8.675953,-0.001365,-136.498724
40.000000,-160.000000,400,-4879216.406896,-1775889.538653,4356902.030407,6.247670,2.273984,-5.571720,8.674586,8.675953,-0.001367,-136.663116
40.000000,-150.000000,400,-4496710.164010,-2596176.823659,4356902.030407,5.757875,3.324338,-5.571704,8.674574,8.675953,-0.001379,-137.892387
40.000000,-140.000000,400,-3977573.658237,-3337580.589607,4356902.030407,5.093134,4.273674,-5.571679,8.674556,8.675953,-0.001397,-139.700893
40.000000,-130.000000,400,-3337580.589607,-3977573.658237,4356902.030407,4.273652,5.093152,-5.571670,8.674549,8.675953,-0.001404,-140.351009
40.000000,-120.000000,400,-2596176.823659,-4496710.164010,4356902.030407,3.324325,5.757886,-5.571693,8.674569,8.675953,-0.001384,-138.395197
40.000000,-110.000000,400,-1775889.538653,-4879216.406896,4356902.030407,2.273973,6.247685,-5.571705,8.674585,8.675953,-0.001368,-136.782976
40.000000,-100.000000,400,-901642.748659,-5113470.128260,4356902.030407,1.154518,6.547649,-5.571673,8.674570,8.675953,-0.001383,-138.273998
40.000000,-90.000000,400,0.000000,-5192353.647318,4356902.030407,-0.000003,6.648659,-5.571645,8.674554,8.675953,-0.001399,-139.880377
40.000000,-80.000000,400,901642.748659,-5113470.128260,4356902.030407,-1.154521,6.547645,-5.571645,8.674549,8.675953,-0.001404,-140.384724
40.000000,-70.000000,400,1775889.538653,-4879216.406896,4356902.030407,-2.273946,6.247677,-5.571667,8.674548,8.675953,-0.001405,-140.528192
40.000000,-60.000000,400,2596176.823659,-4496710.164010,4356902.030407,-3.324277,5.757906,-5.571692,8.674563,8.675953,-0.001389,-138.930563
40.000000,-50.000000,400,3337580.589607,-3977573.658237,4356902.030407,-4.273615,5.093193,-5.571757,8.674611,8.675953,-0.001342,-134.213354
40.000000,-40.000000,400,3977573.658237,-3337580.589607,4356902.030407,-5.093130,4.273719,-5.571818,8.674665,8.675953,-0.001288,-128.790470
40.000000,-30.000000,400,4496710.164010,-2596176.823659,4356902.030407,-5.757898,3.324361,-5.571871,8.674705,8.675953,-0.001248,-124.766956
40.000000,-20.000000,400,4879216.406896,-1775889.538653,4356902.030407,-6.247701,2.273985,-5.571859,8.674698,8.675953,-0.001255,-125.464266
40.000000,-10.000000,400,5113470.128260,-901642.748659,4356902.030407,-6.547668,1.154532,-5.571840,8.674693,8.675953,-0.001260,-125.954752
40.000000,0.000000,400,5192353.647318,0.000000,4356902.030407,-6.648679,-0.000012,-5.571834,8.674691,8.675953,-0.001262,-126.187361
40.000000,10.000000,400,5113470.128260,901642.748659,4356902.030407,-6.547662,-1.154549,-5.571827,8.674683,8.675953,-0.001270,-127.015584
40.000000,20.000000,400,4879216.406896,1775889.538653,4356902.030407,-6.247694,-2.274002,-5.571816,8.674670,8.675953,-0.001282,-128.237444
40.000000,30.000000,400,4496710.164010,2596176.823659,4356902.030407,-5.757907,-3.324367,-5.571800,8.674668,8.675953,-0.001285,-128.478340
40.000000,40.000000,400,3977573.658237,3337580.589607,4356902.030407,-5.093157,-4.273724,-5.571772,8.674653,8.675953,-0.001300,-129.954353
40.000000,50.000000,400,3337580.589607,3977573.658237,4356902.030407,-4.273639,-5.093212,-5.571706,8.674601,8.675953,-0.001352,-135.153521
40.000000,60.000000,400,2596176.823659,4496710.164010,4356902.030407,-3.324291,-5.757926,-5.571663,8.674563,8.675953,-0.001390,-138.961831
40.000000,70.000000,400,1775889.538653,4879216.406896,4356902.030407,-2.273953,-6.247698,-5.571637,8.674545,8.675953,-0.001408,-140.777469
40.000000,80.000000,400,901642.748659,5113470.128260,4356902.030407,-1.154510,-6.547648,-5.571611,8.674528,8.675953,-0.001425,-142.515692
40.000000,90.000000,400,0.000000,5192353.647318,4356902.030407,-0.000008,-6.648653,-5.571581,8.674509,8.675953,-0.001444,-144.405046
40.000000,100.000000,400,-901642.748659,5113470.128260,4356902.030407,1.154495,-6.547649,-5.571599,8.674519,8.675953,-0.001433,-143.335745
40.000000,110.000000,400,-1775889.538653,4879216.406896,4356902.030407,2.273921,-6.247714,-5.571651,8.674557,8.675953,-0.001396,-139.587246
40.000000,120.000000,400,-2596176.823659,4496710.164010,4356902.030407,3.324285,-5.757946,-5.571722,8.674612,8.675953,-0.001340,-134.048625
40.000000,130.000000,400,-3337580.589607,3977573.658237,4356902.030407,4.273663,-5.093205,-5.571773,8.674652,8.675953,-0.001301,-130.068795
40.000000,140.000000,400,-3977573.658237,3337580.589607,4356902.030407,5.093182,-4.273687,-5.571791,8.674662,8.675953,-0.001291,-129.058339
40.000000,150.000000,400,-4496710.164010,2596176.823659,4356902.030407,5.757920,-3.324314,-5.571761,8.674631,8.675953,-0.001322,-132.181287
40.000000,160.000000,400,-4879216.406896,1775889.538653,4356902.030407,6.247694,-2.273950,-5.571732,8.674602,8.675953,-0.001351,-135.081201
40.000000,170.000000,400,-5113470.128260,901642.748659,4356902.030407,6.547640,-1.154510,-5.571707,8.674584,8.675953,-0.001369,-136.853441
50.000000,-180.000000,400,-4356902.030407,-0.000000,5192353.647318,5.578250,0.000005,-6.639392,8.671701,8.675953,-0.004252,-425.201753
50.000000,-170.000000,400,-4290710.898659,-756568.097853,5192353.647318,5.493503,0.968656,-6.639406,8.671711,8.675953,-0.004242,-424.168558
50.000000,-160.000000,400,-4094148.687460,-1490148.256896,5192353.647318,5.241832,1.907883,-6.639417,8.671717,8.675953,-0.004236,-423.550200
50.000000,-150.000000,400,-3773187.840132,-2178451.015203,5192353.647318,4.830889,2.789136,-6.639407,8.671707,8.675953,-0.004246,-424.595893
50.000000,-140.000000,400,-3337580.589607,-2800562.641763,5192353.647318,4.273168,3.585638,-6.639382,8.671688,8.675953,-0.004265,-426.523331
50.000000,-130.000000,400,-2800562.641763,-3337580.589607,5192353.647318,3.585620,4.273191,-6.639364,8.671677,8.675953,-0.004275,-427.544662
50.000000,-120.000000,400,-2178451.015203,-3773187.840132,5192353.647318,2.789126,4.830919,-6.639355,8.671680,8.675953,-0.004272,-427.244911
50.000000,-110.000000,400,-1490148.256896,-4094148.687460,5192353.647318,1.907876,5.241870,-6.639337,8.671677,8.675953,-0.004276,-427.561494
50.000000,-100.000000,400,-756568.097853,-4290710.898659,5192353.647318,0.968648,5.493535,-6.639316,8.671662,8.675953,-0.004291,-429.063536
50.000000,-90.000000,400,0.000000,-4356902.030407,5192353.647318,-0.000003,5.578276,-6.639292,8.671641,8.675953,-0.004312,-431.164081
50.000000,-80.000000,400,756568.097853,-4290710.898659,5192353.647318,-0.968640,5.493523,-6.639290,8.671634,8.675953,-0.004319,-431.854197
50.000000,-70.000000,400,1490148.256896,-4094148.687460,5192353.647318,-1.907842,5.241857,-6.639327,8.671655,8.675953,-0.004298,-429.807026
50.000000,-60.000000,400,2178451.015203,-3773187.840132,5192353.647318,-2.789081,4.830932,-6.639374,8.671687,8.675953,-0.004265,-426.535397
50.000000,-50.000000,400,2800562.641763,-3337580.589607,5192353.647318,-3.585589,4.273226,-6.639440,8.671740,8.675953,-0.004213,-421.267191
50.000000,-40.000000,400,3337580.589607,-2800562.641763,5192353.647318,-4.273164,3.585671,-6.639490,8.671782,8.675953,-0.004171,-417.060985
50.000000,-30.000000,400,3773187.840132,-2178451.015203,5192353.647318,-4.830907,2.789156,-6.639521,8.671810,8.675953,-0.004143,-414.273770
50.000000,-20.000000,400,4094148.687460,-1490148.256896,5192353.647318,-5.241855,1.907884,-6.639519,8.671809,8.675953,-0.004143,-414.349199
50.000000,-10.000000,400,4290710.898659,-756568.097853,5192353.647318,-5.493518,0.968649,-6.639509,8.671799,8.675953,-0.004154,-415.406075
50.000000,0.000000,400,4356902.030407,0.000000,5192353.647318,-5.578268,-0.000014,-6.639485,8.671784,8.675953,-0.004169,-416.920614
50.000000,10.000000,400,4290710.898659,756568.097853,5192353.647318,-5.493525,-0.968676,-6.639474,8.671780,8.675953,-0.004173,-417.272648
50.000000,20.000000,400,4094148.687460,1490148.256896,5192353.647318,-5.241860,-1.907911,-6.639452,8.671767,8.675953,-0.004186,-418.581505
50.000000,30.000000,400,3773187.840132,2178451.015203,5192353.647318,-4.830912,-2.789169,-6.639429,8.671747,8.675953,-0.004206,-420.584574
50.000000,40.000000,400,3337580.589607,2800562.641763,5192353.647318,-4.273175,-3.585672,-6.639403,8.671721,8.675953,-0.004232,-423.179411
50.000000,50.000000,400,2800562.641763,3337580.589607,5192353.647318,-3.585602,-4.273218,-6.639372,8.671689,8.675953,-0.004264,-426.364965
50.000000,60.000000,400,2178451.015203,3773187.840132,5192353.647318,-2.789096,-4.830925,-6.639347,8.671668,8.675953,-0.004285,-428.507970
50.000000,70.000000,400,1490148.256896,4094148.687460,5192353.647318,-1.907852,-5.241854,-6.639317,8.671647,8.675953,-0.004306,-430.600695
50.000000,80.000000,400,756568.097853,4290710.898659,5192353.647318,-0.968643,-5.493514,-6.639293,8.671631,8.675953,-0.004322,-432.224274
50.000000,90.000000,400,0.000000,4356902.030407,5192353.647318,-0.000004,-5.578256,-6.639292,8.671628,8.675953,-0.004325,-432.472040
50.000000,100.000000,400,-756568.097853,4290710.898659,5192353.647318,0.968633,-5.493515,-6.639295,8.671632,8.675953,-0.004321,-432.109625
50.000000,110.000000,400,-1490148.256896,4094148.687460,5192353.647318,1.907841,-5.241867,-6.639317,8.671653,8.675953,-0.004300,-430.024516
50.000000,120.000000,400,-2178451.015203,3773187.840132,5192353.647318,2.789097,-4.830946,-6.639369,8.671696,8.675953,-0.004256,-425.644237
50.000000,130.000000,400,-2800562.641763,3337580.589607,5192353.647318,3.585621,-4.273223,-6.639413,8.671731,8.675953,-0.004222,-422.163383
50.000000,140.000000,400,-3337580.589607,2800562.641763,5192353.647318,4.273195,-3.585648,-6.639431,8.671743,8.675953,-0.004210,-421.022220
50.000000,150.000000,400,-3773187.840132,2178451.015203,5192353.647318,4.830914,-2.789124,-6.639436,8.671739,8.675953,-0.004214,-421.407110
50.000000,160.000000,400,-4094148.687460,1490148.256896,5192353.647318,5.241842,-1.907857,-6.639421,8.671721,8.675953,-0.004232,-423.208786
50.000000,170.000000,400,-4290710.898659,756568.097853,5192353.647318,5.493503,-0.968640,-6.639398,8.671704,8.675953,-0.004249,-424.877938
60.000000,-180.000000,400,-3389068.150000,-0.000000,5870038.226113,4.338655,0.000003,-7.505161,8.668989,8.675953,-0.006964,-696.413603
60.000000,-170.000000,400,-3337580.589607,-588505.508237,5870038.226113,4.272747,0.753402,-7.505169,8.668999,8.675953,-0.006954,-695.410213
60.000000,-160.000000,400,-3184682.331896,-1159129.574403,5870038.226113,4.077008,1.483915,-7.505177,8.669007,8.675953,-0.006946,-694.603857
60.000000,-150.000000,400,-2935019.113057,-1694534.075000,5870038.226113,3.757385,2.169338,-7.505179,8.669007,8.675953,-0.006946,-694.580887
60.000000,-140.000000,400,-2596176.823659,-2178451.015203,5870038.226113,3.323595,2.788846,-7.505174,8.669002,8.675953,-0.006951,-695.120431
60.000000,-130.000000,400,-2178451.015203,-2596176.823659,5870038.226113,2.788825,3.323620,-7.505151,8.668984,8.675953,-0.006969,-696.862201
60.000000,-120.000000,400,-1694534.075000,-2935019.113057,5870038.226113,2.169319,3.757409,-7.505114,8.668956,8.675953,-0.006997,-699.651230
60.000000,-110.000000,400,-1159129.574403,-3184682.331896,5870038.226113,1.483901,4.077026,-7.505081,8.668930,8.675953,-0.007023,-702.293427
60.000000,-100.000000,400,-588505.508237,-3337580.589607,5870038.226113,0.753396,4.272762,-7.505058,8.668909,8.675953,-0.007044,-704.360563
60.000000,-90.000000,400,0.000000,-3389068.150000,5870038.226113,0.000007,4.338666,-7.505051,8.668899,8.675953,-0.007054,-705.386817
60.000000,-80.000000,400,588505.508237,-3337580.589607,5870038.226113,-0.753376,4.272747,-7.505070,8.668911,8.675953,-0.007042,-704.191964
60.000000,-70.000000,400,1159129.574403,-3184682.331896,5870038.226113,-1.483869,4.077010,-7.505110,8.668942,8.675953,-0.007011,-701.061455
60.000000,-60.000000,400,1694534.075000,-2935019.113057,5870038.226113,-2.169282,3.757400,-7.505167,8.668988,8.675953,-0.006964,-696.430638
60.000000,-50.000000,400,2178451.015203,-2596176.823659,5870038.226113,-2.788794,3.323626,-7.505216,8.669033,8.675953,-0.006920,-691.983904
60.000000,-40.000000,400,2596176.823659,-2178451.015203,5870038.226113,-3.323578,2.788858,-7.505254,8.669068,8.675953,-0.006885,-688.459946
60.000000,-30.000000,400,2935019.113057,-1694534.075000,5870038.226113,-3.757374,2.169343,-7.505277,8.669088,8.675953,-0.006864,-686.438800
60.000000,-20.000000,400,3184682.331896,-1159129.574403,5870038.226113,-4.076996,1.483910,-7.505279,8.669089,8.675953,-0.006864,-686.408921
60.000000,-10.000000,400,3337580.589607,-588505.508237,5870038.226113,-4.272737,0.753391,-7.505269,8.669080,8.675953,-0.006873,-687.294232
60.000000,0.000000,400,3389068.150000,0.000000,5870038.226113,-4.338651,-0.000016,-7.505250,8.669064,8.675953,-0.006889,-688.885007
60.000000,10.000000,400,3337580.589607,588505.508237,5870038.226113,-4.272736,-0.753422,-7.505227,8.669046,8.675953,-0.006907,-690.718346
60.000000,20.000000,400,3184682.331896,1159129.574403,5870038.226113,-4.076999,-1.483934,-7.505193,8.669019,8.675953,-0.006933,-693.335769
60.000000,30.000000,400,2935019.113057,1694534.075000,5870038.226113,-3.757380,-2.169353,-7.505178,8.669008,8.675953,-0.006945,-694.476091
60.000000,40.000000,400,2596176.823659,2178451.015203,5870038.226113,-3.323592,-2.788859,-7.505170,8.669001,8.675953,-0.006952,-695.198254
60.000000,50.000000,400,2178451.015203,2596176.823659,5870038.226113,-2.788818,-3.323627,-7.505157,8.668989,8.675953,-0.006964,-696.359155
60.000000,60.000000,400,1694534.075000,2935019.113057,5870038.226113,-2.169308,-3.757407,-7.505134,8.668970,8.675953,-0.006983,-698.300921
60.000000,70.000000,400,1159129.574403,3184682.331896,5870038.226113,-1.483891,-4.077019,-7.505105,8.668946,8.675953,-0.007007,-700.685629
60.000000,80.000000,400,588505.508237,3337580.589607,5870038.226113,-0.753390,-4.272752,-7.505089,8.668931,8.675953,-0.007022,-702.187116
60.000000,90.000000,400,0.000000,3389068.150000,5870038.226113,0.000001,-4.338661,-7.505084,8.668925,8.675953,-0.007028,-702.789585
60.000000,100.000000,400,-588505.508237,3337580.589607,5870038.226113,0.753391,-4.272748,-7.505082,8.668923,8.675953,-0.007029,-702.930671
60.000000,110.000000,400,-1159129.574403,3184682.331896,5870038.226113,1.483891,-4.077015,-7.505093,8.668934,8.675953,-0.007019,-701.920005
60.000000,120.000000,400,-1694534.075000,2935019.113057,5870038.226113,2.169311,-3.757408,-7.505116,8.668955,8.675953,-0.006997,-699.731922
60.000000,130.000000,400,-2178451.015203,2596176.823659,5870038.226113,2.788824,-3.323626,-7.505146,8.668982,8.675953,-0.006971,-697.076115
60.000000,140.000000,400,-2596176.823659,2178451.015203,5870038.226113,3.323598,-2.788847,-7.505172,8.669001,8.675953,-0.006952,-695.220332
60.000000,150.000000,400,-2935019.113057,1694534.075000,5870038.226113,3.757383,-2.169331,-7.505184,8.669009,8.675953,-0.006944,-694.423954
60.000000,160.000000,400,-3184682.331896,1159129.574403,5870038.226113,4.077000,-1.483902,-7.505184,8.669007,8.675953,-0.006946,-694.592780
60.000000,170.000000,400,-3337580.589607,588505.508237,5870038.226113,4.272737,-0.753391,-7.505171,8.668994,8.675953,-0.006958,-695.833589
70.000000,-180.000000,400,-2318259.148807,-0.000000,6369364.663791,2.967559,0.000002,-8.142882,8.666772,8.675953,-0.009181,-918.105908
70.000000,-170.000000,400,-2283039.583237,-402561.476550,6369364.663791,2.922479,0.515315,-8.142878,8.666770,8.675953,-0.009183,-918.288120
70.000000,-160.000000,400,-2178451.015203,-792891.326341,6369364.663791,2.788602,1.014972,-8.142876,8.666770,8.675953,-0.009183,-918.303395
70.000000,-150.000000,400,-2007671.315422,-1159129.574403,6369364.663791,2.569993,1.483793,-8.142873,8.666769,8.675953,-0.009184,-918.394366
70.000000,-140.000000,400,-1775889.538653,-1490148.256896,6369364.663791,2.273291,1.907528,-8.142867,8.666764,8.675953,-0.009189,-918.854191
70.000000,-130.000000,400,-1490148.256896,-1775889.538653,6369364.663791,1.907513,2.273300,-8.142858,8.666755,8.675953,-0.009198,-919.808946
70.000000,-120.000000,400,-1159129.574403,-2007671.315422,6369364.663791,1.483778,2.569996,-8.142845,8.666741,8.675953,-0.009211,-921.129944
70.000000,-110.000000,400,-792891.326341,-2178451.015203,6369364.663791,1.014963,2.788603,-8.142830,8.666726,8.675953,-0.009227,-922.688406
70.000000,-100.000000,400,-402561.476550,-2283039.583237,6369364.663791,0.515314,2.922476,-8.142825,8.666719,8.675953,-0.009234,-923.377901
70.000000,-90.000000,400,0.000000,-2318259.148807,6369364.663791,0.000012,2.967554,-8.142833,8.666724,8.675953,-0.009228,-922.849384
70.000000,-80.000000,400,402561.476550,-2283039.583237,6369364.663791,-0.515289,2.922469,-8.142851,8.666739,8.675953,-0.009213,-921.337029
70.000000,-70.000000,400,792891.326341,-2178451.015203,6369364.663791,-1.014935,2.788592,-8.142882,8.666768,8.675953,-0.009185,-918.479729
70.000000,-60.000000,400,1159129.574403,-2007671.315422,6369364.663791,-1.483750,2.569989,-8.142915,8.666800,8.675953,-0.009153,-915.314184
70.000000,-50.000000,400,1490148.256896,-1775889.538653,6369364.663791,-1.907488,2.273297,-8.142939,8.666824,8.675953,-0.009128,-912.841812
70.000000,-40.000000,400,1775889.538653,-1490148.256896,6369364.663791,-2.273268,1.907526,-8.142963,8.666847,8.675953,-0.009106,-910.560157
70.000000,-30.000000,400,2007671.315422,-1159129.574403,6369364.663791,-2.569975,1.483791,-8.142978,8.666862,8.675953,-0.009091,-909.081643
70.000000,-20.000000,400,2178451.015203,-792891.326341,6369364.663791,-2.788591,1.014969,-8.142983,8.666867,8.675953,-0.009086,-908.588371
70.000000,-10.000000,400,2283039.583237,-402561.476550,6369364.663791,-2.922472,0.515306,-8.142980,8.666862,8.675953,-0.009090,-909.047703
70.000000,0.000000,400,2318259.148807,0.000000,6369364.663791,-2.967553,-0.000011,-8.142969,8.666851,8.675953,-0.009102,-910.169053
70.000000,10.000000,400,2283039.583237,402561.476550,6369364.663791,-2.922465,-0.515326,-8.142953,8.666836,8.675953,-0.009116,-911.631501
70.000000,20.000000,400,2178451.015203,792891.326341,6369364.663791,-2.788584,-1.014982,-8.142932,8.666818,8.675953,-0.009135,-913.502826
70.000000,30.000000,400,2007671.315422,1159129.574403,6369364.663791,-2.569975,-1.483798,-8.142910,8.666800,8.675953,-0.009153,-915.312342
70.000000,40.000000,400,1775889.538653,1490148.256896,6369364.663791,-2.273277,-1.907531,-8.142893,8.666785,8.675953,-0.009168,-916.773435
70.000000,50.000000,400,1490148.256896,1775889.538653,6369364.663791,-1.907504,-2.273304,-8.142878,8.666772,8.675953,-0.009181,-918.075604
70.000000,60.000000,400,1159129.574403,2007671.315422,6369364.663791,-1.483773,-2.570002,-8.142864,8.666760,8.675953,-0.009193,-919.285044
70.000000,70.000000,400,792891.326341,2178451.015203,6369364.663791,-1.014958,-2.788611,-8.142853,8.666750,8.675953,-0.009203,-920.287836
70.000000,80.000000,400,402561.476550,2283039.583237,6369364.663791,-0.515305,-2.922488,-8.142848,8.666744,8.675953,-0.009209,-920.921826
70.000000,90.000000,400,0.000000,2318259.148807,6369364.663791,0.000003,-2.967568,-8.142846,8.666741,8.675953,-0.009212,-921.207073
70.000000,100.000000,400,-402561.476550,2283039.583237,6369364.663791,0.515310,-2.922481,-8.142847,8.666741,8.675953,-0.009212,-921.178678
70.000000,110.000000,400,-792891.326341,2178451.015203,6369364.663791,1.014960,-2.788597,-8.142852,8.666744,8.675953,-0.009208,-920.845757
70.000000,120.000000,400,-1159129.574403,2007671.315422,6369364.663791,1.483772,-2.569986,-8.142857,8.666749,8.675953,-0.009204,-920.404109
70.000000,130.000000,400,-1490148.256896,1775889.538653,6369364.663791,1.907503,-2.273287,-8.142865,8.666756,8.675953,-0.009197,-919.683606
70.000000,140.000000,400,-1775889.538653,1490148.256896,6369364.663791,2.273276,-1.907515,-8.142875,8.666765,8.675953,-0.009188,-918.778960
70.000000,150.000000,400,-2007671.315422,1159129.574403,6369364.663791,2.569977,-1.483782,-8.142882,8.666771,8.675953,-0.009182,-918.200240
70.000000,160.000000,400,-2178451.015203,792891.326341,6369364.663791,2.788590,-1.014965,-8.142885,8.666773,8.675953,-0.009179,-917.935451
70.000000,170.000000,400,-2283039.583237,402561.476550,6369364.663791,2.922473,-0.515310,-8.142885,8.666774,8.675953,-0.009179,-917.912693
80.000000,-180.000000,400,-1177011.016473,-0.000000,6675161.179213,1.506579,0.000000,-8.533353,8.665327,8.675953,-0.010626,-1062.553642
80.000000,-170.000000,400,-1159129.574403,-204385.818104,6675161.179213,1.483692,0.261616,-8.533352,8.665327,8.675953,-0.010626,-1062.612641
80.000000,-160.000000,400,-1106028.566763,-402561.476550,6675161.179213,1.415724,0.515282,-8.533351,8.665325,8.675953,-0.010628,-1062.757847
80.000000,-150.000000,400,-1019321.440800,-588505.508237,6675161.179213,1.304739,0.753293,-8.533348,8.665323,8.675953,-0.010629,-1062.942595
80.000000,-140.000000,400,-901642.748659,-756568.097853,6675161.179213,1.154110,0.968414,-8.533347,8.665322,8.675953,-0.010631,-1063.082527
80.000000,-130.000000,400,-756568.097853,-901642.748659,6675161.179213,0.968414,1.154110,-8.533347,8.665322,8.675953,-0.010631,-1063.087523
80.000000,-120.000000,400,-588505.508237,-1019321.440800,6675161.179213,0.753293,1.304738,-8.533348,8.665323,8.675953,-0.010630,-1062.956287
80.000000,-110.000000,400,-402561.476550,-1106028.566763,6675161.179213,0.515284,1.415723,-8.533351,8.665325,8.675953,-0.010627,-1062.734474
80.000000,-100.000000,400,-204385.818104,-1159129.574403,6675161.179213,0.261620,1.483691,-8.533355,8.665329,8.675953,-0.010624,-1062.362000
80.000000,-90.000000,400,0.000000,-1177011.016473,6675161.179213,0.000007,1.506580,-8.533361,8.665335,8.675953,-0.010618,-1061.798947
80.000000,-80.000000,400,204385.818104,-1159129.574403,6675161.179213,-0.261606,1.483694,-8.533368,8.665342,8.675953,-0.010611,-1061.095425
80.000000,-70.000000,400,402561.476550,-1106028.566763,6675161.179213,-0.515272,1.415728,-8.533376,8.665350,8.675953,-0.010603,-1060.260729
80.000000,-60.000000,400,588505.508237,-1019321.440800,6675161.179213,-0.753283,1.304745,-8.533385,8.665360,8.675953,-0.010593,-1059.294823
80.000000,-50.000000,400,756568.097853,-901642.748659,6675161.179213,-0.968407,1.154117,-8.533395,8.665370,8.675953,-0.010583,-1058.311979
80.000000,-40.000000,400,901642.748659,-756568.097853,6675161.179213,-1.154107,0.968420,-8.533403,8.665377,8.675953,-0.010575,-1057.547184
80.000000,-30.000000,400,1019321.440800,-588505.508237,6675161.179213,-1.304739,0.753297,-8.533407,8.665381,8.675953,-0.010572,-1057.178736
80.000000,-20.000000,400,1106028.566763,-402561.476550,6675161.179213,-1.415727,0.515285,-8.533407,8.665382,8.675953,-0.010571,-1057.093544
80.000000,-10.000000,400,1159129.574403,-204385.818104,6675161.179213,-1.483698,0.261615,-8.533408,8.665383,8.675953,-0.010570,-1057.028136
80.000000,0.000000,400,1177011.016473,0.000000,6675161.179213,-1.506585,-0.000003,-8.533408,8.665382,8.675953,-0.010570,-1057.041775
80.000000,10.000000,400,1159129.574403,204385.818104,6675161.179213,-1.483695,-0.261621,-8.533405,8.665379,8.675953,-0.010574,-1057.400998
80.000000,20.000000,400,1106028.566763,402561.476550,6675161.179213,-1.415723,-0.515289,-8.533397,8.665371,8.675953,-0.010581,-1058.130605
80.000000,30.000000,400,1019321.440800,588505.508237,6675161.179213,-1.304736,-0.753300,-8.533388,8.665362,8.675953,-0.010590,-1059.036575
80.000000,40.000000,400,901642.748659,756568.097853,6675161.179213,-1.154105,-0.968421,-8.533378,8.665353,8.675953,-0.010600,-1059.956231
80.000000,50.000000,400,756568.097853,901642.748659,6675161.179213,-0.968408,-1.154117,-8.533370,8.665345,8.675953,-0.010608,-1060.813464
80.000000,60.000000,400,588505.508237,1019321.440800,6675161.179213,-0.753286,-1.304746,-8.533362,8.665337,8.675953,-0.010616,-1061.557290
80.000000,70.000000,400,402561.476550,1106028.566763,6675161.179213,-0.515277,-1.415730,-8.533356,8.665331,8.675953,-0.010621,-1062.145699
80.000000,80.000000,400,204385.818104,1159129.574403,6675161.179213,-0.261611,-1.483698,-8.533352,8.665327,8.675953,-0.010625,-1062.545491
80.000000,90.000000,400,0.000000,1177011.016473,6675161.179213,0.000003,-1.506584,-8.533350,8.665325,8.675953,-0.010628,-1062.752614
80.000000,100.000000,400,-204385.818104,1159129.574403,6675161.179213,0.261617,-1.483694,-8.533350,8.665325,8.675953,-0.010628,-1062.813597
80.000000,110.000000,400,-402561.476550,1106028.566763,6675161.179213,0.515282,-1.415723,-8.533350,8.665325,8.675953,-0.010628,-1062.820026
80.000000,120.000000,400,-588505.508237,1019321.440800,6675161.179213,0.753290,-1.304737,-8.533350,8.665325,8.675953,-0.010628,-1062.819091
80.000000,130.000000,400,-756568.097853,901642.748659,6675161.179213,0.968410,-1.154107,-8.533351,8.665325,8.675953,-0.010628,-1062.784699
80.000000,140.000000,400,-901642.748659,756568.097853,6675161.179213,1.154106,-0.968411,-8.533352,8.665326,8.675953,-0.010627,-1062.705984
80.000000,150.000000,400,-1019321.440800,588505.508237,6675161.179213,1.304735,-0.753290,-8.533353,8.665327,8.675953,-0.010626,-1062.616046
80.000000,160.000000,400,-1106028.566763,402561.476550,6675161.179213,1.415720,-0.515280,-8.533353,8.665327,8.675953,-0.010626,-1062.561113
80.000000,170.000000,400,-1159129.574403,204385.818104,6675161.179213,1.483690,-0.261615,-8.533353,8.665327,8.675953,-0.010625,-1062.547856
90.000000,-180.000000,400,-0.000000,-0.000000,6778136.300000,0.000000,0.000000,-8.664848,8.664848,8.675953,-0.011105,-1110.472052
90.000000,-170.000000,400,-0.000000,-0.000000,6778136.300000,0.000000,0.000000,-8.664848,8.664848,8.675953,-0.011105,-1110.472052
90.000000,-160.000000,400,-0.000000,-0.000000,6778136.300000,0.000000,0.000000,-8.664848,8.664848,8.675953,-0.011105,-1110.472052
90.000000,-150.000000,400,-0.000000,-0.000000,6778136.300000,0.000000,0.000000,-8.664848,8.664848,8.675953,-0.011105,-1110.472052
90.000000,-140.000000,400,-0.000000,-0.000000,6778136.300000,0.000000,0.000000,-8.664848,8.664848,8.675953,-0.011105,-1110.472052
90.000000,-130.000000,400,-0.000000,-0.000000,6778136.300000,0.000000,0.000000,-8.664848,8.664848,8.675953,-0.011105,-1110.472052
90.000000,-120.000000,400,-0.000000,-0.000000,6778136.300000,0.000000,0.000000,-8.664848,8.664848,8.675953,-0.011105,-1110.472052
90.000000,-110.000000,400,-0.000000,-0.000000,6778136.300000,0.000000,0.000000,-8.664848,8.664848,8.675953,-0.011105,-1110.472052
90.000000,-100.000000,400,-0.000000,-0.000000,6778136.300000,0.000000,0.000000,-8.664848,8.664848,8.675953,-0.011105,-1110.472052
90.000000,-90.000000,400,0.000000,-0.000000,6778136.300000,0.000000,0.000000,-8.664848,8.664848,8.675953,-0.011105,-1110.472052
90.000000,-80.000000,400,0.000000,-0.000000,6778136.300000,0.000000,0.000000,-8.664848,8.664848,8.675953,-0.011105,-1110.472052
90.000000,-70.000000,400,0.000000,-0.000000,6778136.300000,0.000000,0.000000,-8.664848,8.664848,8.675953,-0.011105,-1110.472052
90.000000,-60.000000,400,0.000000,-0.000000,6778136.300000,0.000000,0.000000,-8.664848,8.664848,8.675953,-0.011105,-1110.472052
90.000000,-50.000000,400,0.000000,-0.000000,6778136.300000,0.000000,0.000000,-8.664848,8.664848,8.675953,-0.011105,-1110.472052
90.000000,-40.000000,400,0.000000,-0.000000,6778136.300000,0.000000,0.000000,-8.664848,8.664848,8.675953,-0.011105,-1110.472052
90.000000,-30.000000,400,0.000000,-0.000000,6778136.300000,0.000000,0.000000,-8.664848,8.664848,8.675953,-0.011105,-1110.472052
90.000000,-20.000000,400,0.000000,-0.000000,6778136.300000,0.000000,0.000000,-8.664848,8.664848,8.675953,-0.011105,-1110.472052
90.000000,-10.000000,400,0.000000,-0.000000,6778136.300000,0.000000,0.000000,-8.664848,8.664848,8.675953,-0.011105,-1110.472052
90.000000,0.000000,400,0.000000,0.000000,6778136.300000,-0.000000,0.000000,-8.664848,8.664848,8.675953,-0.011105,-1110.472052
90.000000,10.000000,400,0.000000,0.000000,6778136.300000,-0.000000,0.000000,-8.664848,8.664848,8.675953,-0.011105,-1110.472052
90.000000,20.000000,400,0.000000,0.000000,6778136.300000,-0.000000,0.000000,-8.664848,8.664848,8.675953,-0.011105,-1110.472052
90.000000,30.000000,400,0.000000,0.000000,6778136.300000,-0.000000,0.000000,-8.664848,8.664848,8.675953,-0.011105,-1110.472052
90.000000,40.000000,400,0.000000,0.000000,6778136.300000,-0.000000,0.000000,-8.664848,8.664848,8.675953,-0.011105,-1110.472052
90.000000,50.000000,400,0.000000,0.000000,6778136.300000,-0.000000,0.000000,-8.664848,8.664848,8.675953,-0.011105,-1110.472052
90.000000,60.000000,400,0.000000,0.000000,6778136.300000,-0.000000,0.000000,-8.664848,8.664848,8.675953,-0.011105,-1110.472052
90.000000,70.000000,400,0.000000,0.000000,6778136.300000,-0.000000,0.000000,-8.664848,8.664848,8.675953,-0.011105,-1110.472052
90.000000,80.000000,400,0.000000,0.000000,6778136.300000,-0.000000,0.000000,-8.664848,8.664848,8.675953,-0.011105,-1110.472052
90.000000,90.000000,400,0.000000,0.000000,6778136.300000,-0.000000,0.000000,-8.664848,8.664848,8.675953,-0.011105,-1110.472052
90.000000,100.000000,400,-0.000000,0.000000,6778136.300000,0.000000,-0.000000,-8.664848,8.664848,8.675953,-0.011105,-1110.472052
90.000000,110.000000,400,-0.000000,0.000000,6778136.300000,0.000000,-0.000000,-8.664848,8.664848,8.675953,-0.011105,-1110.472052
90.000000,120.000000,400,-0.000000,0.000000,6778136.300000,0.000000,-0.000000,-8.664848,8.664848,8.675953,-0.011105,-1110.472052
90.000000,130.000000,400,-0.000000,0.000000,6778136.300000,0.000000,-0.000000,-8.664848,8.664848,8.675953,-0.011105,-1110.472052
90.000000,140.000000,400,-0.000000,0.000000,6778136.300000,0.000000,-0.000000,-8.664848,8.664848,8.675953,-0.011105,-1110.472052
90.000000,150.000000,400,-0.000000,0.000000,6778136.300000,0.000000,-0.000000,-8.664848,8.664848,8.675953,-0.011105,-1110.472052
90.000000,160.000000,400,-0.000000,0.000000,6778136.300000,0.000000,-0.000000,-8.664848,8.664848,8.675953,-0.011105,-1110.472052
90.000000,170.000000,400,-0.000000,0.000000,6778136.300000,0.000000,-0.000000,-8.664848,8.664848,8.675953,-0.011105,-1110.472052
0.000000,0.000000,420.000000,6798136.300000,0.000000,0.000000,-8.630530,-0.000009,-0.000031,8.630530,8.624979,0.005552,555.162009
0.783678,0.621187,420.000000,6797100.910914,73695.356446,92980.399376,-8.629214,-0.093570,-0.117923,8.630527,8.624979,0.005548,554.839694
1.567264,1.242606,420.000000,6793995.059046,147368.264572,185932.476022,-8.625268,-0.187102,-0.235779,8.630518,8.624979,0.005539,553.904373
2.350666,1.864490,420.000000,6788819.690467,220996.282897,278827.915834,-8.618692,-0.280577,-0.353564,8.630503,8.624979,0.005524,552.372499
3.133790,2.487072,420.000000,6781576.381646,294556.983614,371638.421962,-8.609488,-0.373966,-0.471241,8.630481,8.624979,0.005503,550.259970
3.916545,3.110587,420.000000,6772267.338965,368027.959420,464335.723427,-8.597661,-0.467240,-0.588774,8.630455,8.624979,0.005476,547.575019
4.698837,3.735269,420.000000,6760895.398048,441386.830344,556891.583732,-8.583213,-0.560372,-0.706127,8.630422,8.624979,0.005443,544.313521
5.480571,4.361355,420.000000,6747464.022898,514611.250565,649277.809466,-8.566149,-0.653334,-0.823264,8.630383,8.624979,0.005405,540.459516
6.261653,4.989081,420.000000,6731977.304843,587678.915213,741466.258889,-8.546473,-0.746095,-0.940150,8.630339,8.624979,0.005360,535.991052
7.041987,5.618686,420.000000,6714439.961287,660567.567170,833428.850508,-8.524192,-0.838630,-1.056747,8.630288,8.624979,0.005309,530.888938
7.821477,6.250413,420.000000,6694857.334274,733255.003848,925137.571625,-8.499312,-0.930908,-1.173023,8.630230,8.624979,0.005251,525.144689
8.600024,6.884504,420.000000,6673235.388862,805719.083948,1016564.486875,-8.471840,-1.022901,-1.288940,8.630167,8.624979,0.005188,518.763945
9.377530,7.521205,420.000000,6649580.711306,877937.734210,1107681.746735,-8.441786,-1.114583,-1.404464,8.630097,8.624979,0.005118,511.763691
10.153892,8.160765,420.000000,6623900.507050,949888.956133,1198461.596005,-8.409158,-1.205924,-1.519559,8.630021,8.624979,0.005042,504.165197
10.929010,8.803433,420.000000,6596202.598532,1021550.832678,1288876.382263,-8.373967,-1.296896,-1.634191,8.629939,8.624979,0.004960,495.987770
11.702779,9.449465,420.000000,6566495.422803,1092901.534944,1378898.564289,-8.336223,-1.387473,-1.748324,8.629851,8.624979,0.004872,487.247798
12.475093,10.099119,420.000000,6534788.028958,1163919.328815,1468500.720455,-8.295938,-1.477626,-1.861924,8.629758,8.624979,0.004780,477.962733
13.245844,10.752655,420.000000,6501090.075375,1234582.581584,1557655.557076,-8.253125,-1.567328,-1.974956,8.629660,8.624979,0.004682,468.154622
14.014922,11.410338,420.000000,6465411.826778,1304869.768538,1646335.916724,-8.207796,-1.656551,-2.087385,8.629557,8.624979,0.004578,457.848207
14.782215,12.072439,420.000000,6427764.151106,1374759.479521,1734514.786504,-8.159967,-1.745268,-2.199177,8.629450,8.624979,0.004471,447.064833
15.547606,12.739230,420.000000,6388158.516207,1444230.425448,1822165.306278,-8.109651,-1.833453,-2.310298,8.629337,8.624979,0.004358,435.819165
16.310979,13.410989,420.000000,6346606.986340,1513261.444797,1909260.776847,-8.056863,-1.921078,-2.420713,8.629220,8.624979,0.004241,424.123744
17.072212,14.088000,420.000000,6303122.218504,1581831.510051,1995774.668088,-8.001621,-2.008116,-2.530391,8.629099,8.624979,0.004120,411.997509
17.831182,14.770550,420.000000,6257717.458581,1649919.734103,2081680.627032,-7.943941,-2.094541,-2.639296,8.628974,8.624979,0.003995,399.467987
18.587761,15.458933,420.000000,6210406.537300,1717505.376621,2166952.485892,-7.883841,-2.180327,-2.747396,8.628844,8.624979,0.003866,386.561273
19.341819,16.153446,420.000000,6161203.866027,1784567.850364,2251564.270032,-7.821339,-2.265448,-2.854658,8.628712,8.624979,0.003733,373.286344
20.093222,16.854395,420.000000,6110124.432370,1851086.727452,2335490.205884,-7.756454,-2.349878,-2.961047,8.628575,8.624979,0.003596,359.628303
20.841832,17.562090,420.000000,6057183.795622,1917041.745591,2418704.728795,-7.689206,-2.433592,-3.066532,8.628434,8.624979,0.003456,345.559332
21.587506,18.276846,420.000000,6002398.082012,1982412.814243,2501182.490816,-7.619616,-2.516563,-3.171080,8.628289,8.624979,0.003311,331.061002
22.330098,18.998987,420.000000,5945783.979800,2047180.020748,2582898.368420,-7.547703,-2.598766,-3.274659,8.628140,8.624979,0.003161,316.141478
23.069457,19.728841,420.000000,5887358.734189,2111323.636387,2663827.470160,-7.473492,-2.680176,-3.377239,8.627987,8.624979,0.003008,300.835663
23.805428,20.466743,420.000000,5827140.142076,2174824.122394,2743945.144247,-7.397003,-2.760768,-3.478788,8.627831,8.624979,0.002852,285.190697
24.537849,21.213036,420.000000,5765146.546627,2237662.135905,2823226.986062,-7.318262,-2.840517,-3.579276,8.627671,8.624979,0.002692,269.249542
25.266555,21.968068,420.000000,5701396.831691,2299818.535853,2901648.845589,-7.237292,-2.919400,-3.678673,8.627509,8.624979,0.002530,253.043430
25.991374,22.732196,420.000000,5635910.416050,2361274.388796,2979186.834767,-7.154117,-2.997392,-3.776947,8.627345,8.624979,0.002366,236.594019
26.712129,23.505781,420.000000,5568707.247500,2422010.974685,3055817.334776,-7.068764,-3.074469,-3.874070,8.627178,8.624979,0.002199,219.918822
27.428636,24.289194,420.000000,5499807.796777,2482009.792570,3131517.003223,-6.981258,-3.150609,-3.970011,8.627009,8.624979,0.002030,203.034233
28.140708,25.082810,420.000000,5429233.051322,2541252.566228,3206262.781254,-6.891626,-3.225788,-4.064741,8.626838,8.624979,0.001860,185.955748
28.848146,25.887013,420.000000,5357004.508884,2599721.249736,3280031.900583,-6.799896,-3.299983,-4.158231,8.626666,8.624979,0.001687,168.698517
29.550749,26.702193,420.000000,5283144.170979,2657398.032968,3352801.890420,-6.706096,-3.373171,-4.250454,8.626492,8.624979,0.001513,151.280827
30.248306,27.528745,420.000000,5207674.536180,2714265.347016,3424550.584323,-6.610253,-3.445330,-4.341381,8.626316,8.624979,0.001337,133.730437
30.940601,28.367073,420.000000,5130618.593270,2770305.869546,3495256.126942,-6.512397,-3.516438,-4.430985,8.626140,8.624979,0.001161,116.090788
31.627408,29.217586,420.000000,5051999.814235,2825502.530071,3564896.980687,-6.412559,-3.586474,-4.519240,8.625963,8.624979,0.000984,98.421813
32.308494,30.080696,420.000000,4971842.147117,2879838.515155,3633451.932277,-6.310769,-3.655416,-4.606119,8.625787,8.624979,0.000808,80.790316
32.983618,30.956823,420.000000,4890170.008717,2933297.273529,3700900.099210,-6.207058,-3.723244,-4.691594,8.625611,8.624979,0.000633,63.250149
33.652530,31.846391,420.000000,4807008.277160,2985862.521138,3767220.936122,-6.101458,-3.789939,-4.775640,8.625437,8.624979,0.000458,45.821393
34.314972,32.749827,420.000000,4722382.284316,3037518.246098,3832394.241043,-5.994002,-3.855479,-4.858229,8.625264,8.624979,0.000285,28.482728
34.970675,33.667562,420.000000,4636317.808081,3088248.713576,3896400.161552,-5.884722,-3.919846,-4.939336,8.625091,8.624979,0.000112,11.184903
35.619364,34.600027,420.000000,4548841.064529,3138038.470579,3959219.200827,-5.773651,-3.983018,-5.018936,8.624918,8.624979,-0.000061,-6.121748
36.260751,35.547657,420.000000,4459978.699923,3186872.350664,4020832.223580,-5.660824,-4.044977,-5.097004,8.624744,8.624979,-0.000235,-23.463488
36.894540,36.510884,420.000000,4369757.782600,3234735.478560,4081220.461887,-5.546273,-4.105703,-5.173516,8.624571,8.624979,-0.000408,-40.836450
37.520425,37.490141,420.000000,4278205.794726,3281613.274694,4140365.520905,-5.430035,-4.165178,-5.248451,8.624397,8.624979,-0.000582,-58.215379
38.138089,38.485855,420.000000,4185350.623923,3327491.459634,4198249.384478,-5.312144,-4.223382,-5.321785,8.624223,8.624979,-0.000756,-75.566057
38.747205,39.498450,420.000000,4091220.554775,3372356.058442,4254854.420618,-5.192636,-4.280299,-5.393498,8.624050,8.624979,-0.000929,-92.853719
39.347436,40.528343,420.000000,3995844.260214,3416193.404926,4310163.386884,-5.071548,-4.335911,-5.463566,8.623878,8.624979,-0.001101,-110.050070
39.938434,41.575942,420.000000,3899250.792783,3458990.145804,4364159.435629,-4.948917,-4.390202,-5.531969,8.623707,8.624979,-0.001271,-127.142588
40.519840,42.641644,420.000000,3801469.575787,3500733.244777,4416826.119133,-4.824780,-4.443155,-5.598685,8.623537,8.624979,-0.001441,-144.139341
41.091287,43.725832,420.000000,3702530.394333,3541409.986491,4468147.394615,-4.699174,-4.494754,-5.663694,8.623368,8.624979,-0.001611,-161.056023
41.652393,44.828871,420.000000,3602463.386253,3581007.980416,4518107.629116,-4.572139,-4.544983,-5.726976,8.623200,8.624979,-0.001779,-177.883967
42.202770,45.951108,420.000000,3501299.032928,3619515.164621,4566691.604266,-4.443713,-4.593826,-5.788513,8.623033,8.624979,-0.001946,-194.560768
42.742018,47.092866,420.000000,3399068.150000,3656919.809444,4613884.520914,-4.313936,-4.641268,-5.848287,8.622869,8.624979,-0.002110,-210.972900
43.269728,48.254443,420.000000,3295801.877986,3693210.521067,4659672.003642,-4.182847,-4.687295,-5.906282,8.622709,8.624979,-0.002270,-226.997521
43.785481,49.436105,420.000000,3191531.672792,3728376.244988,4704040.105138,-4.050487,-4.731894,-5.962479,8.622553,8.624979,-0.002426,-242.555386
44.288849,50.638085,420.000000,3086289.296135,3762406.269388,4746975.310449,-3.916896,-4.775052,-6.016862,8.622403,8.624979,-0.002576,-257.633583
44.779397,51.860577,420.000000,2980106.805859,3795290.228391,4788464.541095,-3.782114,-4.816756,-6.069414,8.622256,8.624979,-0.002723,-272.261672
45.256683,53.103733,420.000000,2873016.546182,3827018.105225,4828495.159056,-3.646182,-4.856993,-6.120117,8.622114,8.624979,-0.002865,-286.465224
45.720256,54.367658,420.000000,2765051.137834,3857580.235270,4867054.970616,-3.509142,-4.895751,-6.168957,8.621976,8.624979,-0.003002,-300.237666
46.169661,55.652404,420.000000,2656243.468123,3886967.309007,4904132.230084,-3.371035,-4.933018,-6.215918,8.621843,8.624979,-0.003135,-313.549393
46.604441,56.957969,420.000000,2546626.680920,3915170.374847,4939715.643367,-3.231903,-4.968784,-6.260987,8.621715,8.624979,-0.003264,-326.376510
47.024131,58.284288,420.000000,2436234.166560,3942180.841864,4973794.371413,-3.091789,-5.003036,-6.304150,8.621592,8.624979,-0.003387,-338.717019
47.428269,59.631233,420.000000,2325099.551673,3967990.482408,5006358.033512,-2.950735,-5.035766,-6.345393,8.621473,8.624979,-0.003506,-350.580935
47.816390,60.998605,420.000000,2213256.688939,3992591.434612,5037396.710455,-2.808785,-5.066963,-6.384704,8.621359,8.624979,-0.003620,-361.969258
48.188033,62.386130,420.000000,2100739.646777,4015976.204788,5066900.947563,-2.665981,-5.096618,-6.422070,8.621250,8.624979,-0.003729,-372.865030
48.542739,63.793459,420.000000,1987582.698969,4038137.669709,5094861.757557,-2.522367,-5.124721,-6.457481,8.621146,8.624979,-0.003832,-383.243162
48.880054,65.220161,420.000000,1873820.314216,4059069.078776,5121270.623305,-2.377986,-5.151265,-6.490926,8.621048,8.624979,-0.003931,-393.085872
49.199535,66.665718,420.000000,1759487.145643,4078764.056082,5146119.500411,-2.232882,-5.176240,-6.522395,8.620955,8.624979,-0.004024,-402.388169
49.500745,68.129531,420.000000,1644618.020241,4097216.602344,5169400.819665,-2.087100,-5.199640,-6.551879,8.620867,8.624979,-0.004112,-411.151409
49.783263,69.610908,420.000000,1529247.928258,4114421.096738,5191107.489352,-1.940684,-5.221457,-6.579367,8.620785,8.624979,-0.004194,-419.374735
50.046680,71.109071,420.000000,1413412.012543,4130372.298609,5211232.897411,-1.793678,-5.241684,-6.604853,8.620708,8.624979,-0.004271,-427.052426
50.290605,72.623152,420.000000,1297145.557836,4145065.349066,5229770.913447,-1.646126,-5.260317,-6.628327,8.620637,8.624979,-0.004342,-434.175894
50.514668,74.152196,420.000000,1180483.980026,4158495.772464,5246715.890600,-1.498075,-5.277347,-6.649784,8.620572,8.624979,-0.004407,-440.734533
50.718519,75.695162,420.000000,1063462.815361,4170659.477765,5262062.667267,-1.349568,-5.292772,-6.669217,8.620512,8.624979,-0.004467,-446.713737
50.901835,77.250926,420.000000,946117.709620,4181552.759787,5275806.568671,-1.200651,-5.306585,-6.686620,8.620458,8.624979,-0.004521,-452.093497
51.064318,78.818287,420.000000,828484.407260,4191172.300331,5287943.408287,-1.051369,-5.318782,-6.701989,8.620410,8.624979,-0.004569,-456.850719
51.205700,80.395969,420.000000,710598.740523,4199515.169191,5298469.489114,-0.901768,-5.329361,-6.715318,8.620369,8.624979,-0.004610,-460.964464
51.325745,81.982630,420.000000,592496.618526,4206578.825049,5307381.604808,-0.751893,-5.338317,-6.726604,8.620335,8.624979,-0.004644,-464.421476
51.424247,83.576870,420.000000,474214.016320,4212361.116247,5314677.040652,-0.601790,-5.345649,-6.735843,8.620307,8.624979,-0.004672,-467.220474
51.501038,85.177235,420.000000,355786.963930,4216860.281443,5320353.574384,-0.451504,-5.351353,-6.743032,8.620285,8.624979,-0.004694,-469.373853
51.555985,86.782233,420.000000,237251.535385,4220074.950148,5324409.476878,-0.301080,-5.355429,-6.748169,8.620270,8.624979,-0.004709,-470.903938
51.588991,88.390337,420.000000,118643.837724,4222004.143142,5326843.512667,-0.150564,-5.357876,-6.751251,8.620261,8.624979,-0.004718,-471.831958
51.600000,90.000000,420.000000,0.000000,4222647.272774,5327654.940319,-0.000003,-5.358691,-6.752279,8.620257,8.624979,-0.004722,-472.164365
51.588991,91.609663,420.000000,-118643.837724,4222004.143142,5326843.512667,0.150558,-5.357876,-6.751251,8.620260,8.624979,-0.004719,-471.887018
51.555985,93.217767,420.000000,-237251.535385,4220074.950148,5324409.476878,0.301073,-5.355430,-6.748168,8.620269,8.624979,-0.004710,-470.974391
51.501038,94.822765,420.000000,-355786.963930,4216860.281443,5320353.574384,0.451496,-5.351354,-6.743032,8.620285,8.624979,-0.004694,-469.408357
51.424247,96.423130,420.000000,-474214.016320,4212361.116247,5314677.040652,0.601782,-5.345649,-6.735843,8.620307,8.624979,-0.004672,-467.191130
51.325745,98.017370,420.000000,-592496.618526,4206578.825049,5307381.604808,0.751886,-5.338318,-6.726605,8.620335,8.624979,-0.004643,-464.341076
51.205700,99.604031,420.000000,-710598.740523,4199515.169191,5298469.489114,0.901761,-5.329362,-6.715319,8.620370,8.624979,-0.004609,-460.875454
51.064318,101.181713,420.000000,-828484.407260,4191172.300331,5287943.408287,1.051362,-5.318784,-6.701989,8.620411,8.624979,-0.004568,-456.795473
50.901835,102.749074,420.000000,-946117.709620,4181552.759787,5275806.568671,1.200643,-5.306587,-6.686620,8.620458,8.624979,-0.004521,-452.085376
50.718519,104.304838,420.000000,-1063462.815361,4170659.477765,5262062.667267,1.349559,-5.292776,-6.669216,8.620512,8.624979,-0.004467,-446.723666
50.514668,105.847804,420.000000,-1180483.980026,4158495.772464,5246715.890600,1.498065,-5.277353,-6.649782,8.620572,8.624979,-0.004407,-440.695638
50.290605,107.376848,420.000000,-1297145.557836,4145065.349066,5229770.913447,1.646116,-5.260325,-6.628325,8.620639,8.624979,-0.004340,-433.999278
50.046680,108.890929,420.000000,-1413412.012543,4130372.298609,5211232.897411,1.793667,-5.241695,-6.604852,8.620712,8.624979,-0.004266,-426.644841
49.783263,110.389092,420.000000,-1529247.928258,4114421.096738,5191107.489352,1.940673,-5.221470,-6.579369,8.620792,8.624979,-0.004187,-418.651769
49.500745,111.870469,420.000000,-1644618.020241,4097216.602344,5169400.819665,2.087090,-5.199655,-6.551884,8.620878,8.624979,-0.004100,-410.044161
49.199535,113.334282,420.000000,-1759487.145643,4078764.056082,5146119.500411,2.232873,-5.176258,-6.522405,8.620970,8.624979,-0.004008,-400.844776
48.880054,114.779839,420.000000,-1873820.314216,4059069.078776,5121270.623305,2.377978,-5.151284,-6.490940,8.621068,8.624979,-0.003911,-391.070841
48.542739,116.206541,420.000000,-1987582.698969,4038137.669709,5094861.757557,2.522360,-5.124743,-6.457500,8.621172,8.624979,-0.003807,-380.736833
48.188033,117.613870,420.000000,-2100739.646777,4015976.204788,5066900.947563,2.665977,-5.096640,-6.422095,8.621280,8.624979,-0.003699,-369.863762
47.816390,119.001395,420.000000,-2213256.688939,3992591.434612,5037396.710455,2.808783,-5.066986,-6.384734,8.621394,8.624979,-0.003585,-358.485702
47.428269,120.368767,420.000000,-2325099.551673,3967990.482408,5006358.033512,2.950736,-5.035788,-6.345429,8.621512,8.624979,-0.003466,-346.644134
47.024131,121.715712,420.000000,-2436234.166560,3942180.841864,4973794.371413,3.091793,-5.003057,-6.304192,8.621635,8.624979,-0.003344,-334.372441
46.604441,123.042031,420.000000,-2546626.680920,3915170.374847,4939715.643367,3.231909,-4.968802,-6.261035,8.621762,8.624979,-0.003217,-321.684927
46.169661,124.347596,420.000000,-2656243.468123,3886967.309007,4904132.230084,3.371044,-4.933034,-6.215970,8.621893,8.624979,-0.003086,-308.582335
45.720256,125.632342,420.000000,-2765051.137834,3857580.235270,4867054.970616,3.509153,-4.895763,-6.169012,8.622028,8.624979,-0.002951,-295.069650
45.256683,126.896267,420.000000,-2873016.546182,3827018.105225,4828495.159056,3.646197,-4.857001,-6.120176,8.622167,8.624979,-0.002812,-281.169189
44.779397,128.139423,420.000000,-2980106.805859,3795290.228391,4788464.541095,3.782131,-4.816760,-6.069475,8.622310,8.624979,-0.002669,-266.917023
44.288849,129.361915,420.000000,-3086289.296135,3762406.269388,4746975.310449,3.916916,-4.775051,-6.016925,8.622455,8.624979,-0.002523,-252.348026
43.785481,130.563895,420.000000,-3191531.672792,3728376.244988,4704040.105138,4.050509,-4.731888,-5.962542,8.622604,8.624979,-0.002375,-237.484789
43.269728,131.745557,420.000000,-3295801.877986,3693210.521067,4659672.003642,4.182871,-4.687283,-5.906343,8.622755,8.624979,-0.002223,-222.338089
42.742018,132.907134,420.000000,-3399068.150000,3656919.809444,4613884.520914,4.313960,-4.641250,-5.848343,8.622910,8.624979,-0.002069,-206.912462
42.202770,134.048892,420.000000,-3501299.032928,3619515.164621,4566691.604266,4.443737,-4.593804,-5.788561,8.623067,8.624979,-0.001912,-191.207915
41.652393,135.171129,420.000000,-3602463.386253,3581007.980416,4518107.629116,4.572163,-4.544958,-5.727016,8.623227,8.624979,-0.001752,-175.220241
41.091287,136.274168,420.000000,-3702530.394333,3541409.986491,4468147.394615,4.699199,-4.494728,-5.663727,8.623389,8.624979,-0.001590,-158.950723
40.519840,137.358356,420.000000,-3801469.575787,3500733.244777,4416826.119133,4.824805,-4.443127,-5.598712,8.623555,8.624979,-0.001424,-142.426757
39.938434,138.424058,420.000000,-3899250.792783,3458990.145804,4364159.435629,4.948944,-4.390172,-5.531991,8.623722,8.624979,-0.001257,-125.716064
39.347436,139.471657,420.000000,-3995844.260214,3416193.404926,4310163.386884,5.071577,-4.335879,-5.463583,8.623890,8.624979,-0.001089,-108.912613
38.747205,140.501550,420.000000,-4091220.554775,3372356.058442,4254854.420618,5.192666,-4.280263,-5.393509,8.624058,8.624979,-0.000921,-92.093568
38.138089,141.514145,420.000000,-4185350.623923,3327491.459634,4198249.384478,5.312175,-4.223344,-5.321788,8.624226,8.624979,-0.000753,-75.275932
37.520425,142.509859,420.000000,-4278205.794726,3281613.274694,4140365.520905,5.430068,-4.165139,-5.248444,8.624395,8.624979,-0.000584,-58.408768
36.894540,143.489116,420.000000,-4369757.782600,3234735.478560,4081220.461887,5.546307,-4.105666,-5.173500,8.624565,8.624979,-0.000414,-41.411035
36.260751,144.452343,420.000000,-4459978.699923,3186872.350664,4020832.223580,5.660859,-4.044942,-5.096979,8.624737,8.624979,-0.000242,-24.228197
35.619364,145.399973,420.000000,-4548841.064529,3138038.470579,3959219.200827,5.773689,-3.982986,-5.018906,8.624910,8.624979,-0.000069,-6.866393
34.970675,146.332438,420.000000,-4636317.808081,3088248.713576,3896400.161552,5.884762,-3.919815,-4.939304,8.625085,8.624979,0.000106,10.616898
34.314972,147.250173,420.000000,-4722382.284316,3037518.246098,3832394.241043,5.994044,-3.855450,-4.858196,8.625260,8.624979,0.000282,28.151783
33.652530,148.153609,420.000000,-4807008.277160,2985862.521138,3767220.936122,6.101501,-3.789909,-4.775607,8.625436,8.624979,0.000457,45.691666
32.983618,149.043177,420.000000,-4890170.008717,2933297.273529,3700900.099210,6.207102,-3.723213,-4.691561,8.625611,8.624979,0.000632,63.222538
32.308494,149.919304,420.000000,-4971842.147117,2879838.515155,3633451.932277,6.310813,-3.655382,-4.606085,8.625786,8.624979,0.000807,80.747330
31.627408,150.782414,420.000000,-5051999.814235,2825502.530071,3564896.980687,6.412603,-3.586437,-4.519204,8.625962,8.624979,0.000983,98.263823
30.940601,151.632927,420.000000,-5130618.593270,2770305.869546,3495256.126942,6.512441,-3.516399,-4.430947,8.626136,8.624979,0.001158,115.753283
30.248306,152.471255,420.000000,-5207674.536180,2714265.347016,3424550.584323,6.610296,-3.445288,-4.341338,8.626311,8.624979,0.001332,133.184053
29.550749,153.297807,420.000000,-5283144.170979,2657398.032968,3352801.890420,6.706139,-3.373127,-4.250405,8.626484,8.624979,0.001505,150.522869
28.848146,154.112987,420.000000,-5357004.508884,2599721.249736,3280031.900583,6.799940,-3.299937,-4.158177,8.626656,8.624979,0.001677,167.744009
28.140708,154.917190,420.000000,-5429233.051322,2541252.566228,3206262.781254,6.891670,-3.225741,-4.064681,8.626827,8.624979,0.001848,184.830826
27.428636,155.710806,420.000000,-5499807.796777,2482009.792570,3131517.003223,6.981302,-3.150561,-3.969945,8.626997,8.624979,0.002018,201.770665
26.712129,156.494219,420.000000,-5568707.247500,2422010.974685,3055817.334776,7.068808,-3.074421,-3.873998,8.627164,8.624979,0.002185,218.548238
25.991374,157.267804,420.000000,-5635910.416050,2361274.388796,2979186.834767,7.154161,-2.997342,-3.776870,8.627330,8.624979,0.002351,235.142487
25.266555,158.031932,420.000000,-5701396.831691,2299818.535853,2901648.845589,7.237335,-2.919350,-3.678590,8.627494,8.624979,0.002515,251.528439
24.537849,158.786964,420.000000,-5765146.546627,2237662.135905,2823226.986062,7.318306,-2.840467,-3.579189,8.627656,8.624979,0.002677,267.681291
23.805428,159.533257,420.000000,-5827140.142076,2174824.122394,2743945.144247,7.397047,-2.760718,-3.478696,8.627815,8.624979,0.002836,283.578654
23.069457,160.271159,420.000000,-5887358.734189,2111323.636387,2663827.470160,7.473535,-2.680126,-3.377141,8.627971,8.624979,0.002992,299.199574
22.330098,161.001013,420.000000,-5945783.979800,2047180.020748,2582898.368420,7.547746,-2.598717,-3.274557,8.628124,8.624979,0.003145,314.522660
21.587506,161.723154,420.000000,-6002398.082012,1982412.814243,2501182.490816,7.619658,-2.516514,-3.170974,8.628274,8.624979,0.003295,329.526219
20.841832,162.437910,420.000000,-6057183.795622,1917041.745591,2418704.728795,7.689249,-2.433544,-3.066424,8.628421,8.624979,0.003442,344.190184
20.093222,163.145605,420.000000,-6110124.432370,1851086.727452,2335490.205884,7.756497,-2.349832,-2.960938,8.628564,8.624979,0.003585,358.496834
19.341819,163.846554,420.000000,-6161203.866027,1784567.850364,2251564.270032,7.821383,-2.265402,-2.854549,8.628703,8.624979,0.003724,372.428504
18.587761,164.541067,420.000000,-6210406.537300,1717505.376621,2166952.485892,7.883884,-2.180280,-2.747289,8.628839,8.624979,0.003860,385.964497
17.831182,165.229450,420.000000,-6257717.458581,1649919.734103,2081680.627032,7.943984,-2.094494,-2.639191,8.628970,8.624979,0.003991,399.081151
17.072212,165.912000,420.000000,-6303122.218504,1581831.510051,1995774.668088,8.001663,-2.008068,-2.530288,8.629096,8.624979,0.004118,411.755943
16.310979,166.589011,420.000000,-6346606.986340,1513261.444797,1909260.776847,8.056904,-1.921029,-2.420613,8.629219,8.624979,0.004240,423.972011
15.547606,167.260770,420.000000,-6388158.516207,1444230.425448,1822165.306278,8.109689,-1.833403,-2.310199,8.629336,8.624979,0.004357,435.718713
14.782215,167.927561,420.000000,-6427764.151106,1374759.479521,1734514.786504,8.160003,-1.745218,-2.199080,8.629449,8.624979,0.004470,446.987920
14.014922,168.589662,420.000000,-6465411.826778,1304869.768538,1646335.916724,8.207830,-1.656500,-2.087289,8.629557,8.624979,0.004578,457.769845
13.245844,169.247345,420.000000,-6501090.075375,1234582.581584,1557655.557076,8.253156,-1.567277,-1.974862,8.629659,8.624979,0.004681,468.051838
12.475093,169.900881,420.000000,-6534788.028958,1163919.328815,1468500.720455,8.295966,-1.477575,-1.861832,8.629757,8.624979,0.004778,477.819716
11.702779,170.550535,420.000000,-6566495.422803,1092901.534944,1378898.564289,8.336249,-1.387422,-1.748234,8.629849,8.624979,0.004871,487.058699
10.929010,171.196567,420.000000,-6596202.598532,1021550.832678,1288876.382263,8.373990,-1.296846,-1.634102,8.629936,8.624979,0.004958,495.752819
10.153892,171.839235,420.000000,-6623900.507050,949888.956133,1198461.596005,8.409178,-1.205874,-1.519472,8.630018,8.624979,0.005039,503.884815
9.377530,172.478795,420.000000,-6649580.711306,877937.734210,1107681.746735,8.441804,-1.114533,-1.404377,8.630093,8.624979,0.005114,511.438602
8.600024,173.115496,420.000000,-6673235.388862,805719.083948,1016564.486875,8.471856,-1.022852,-1.288854,8.630163,8.624979,0.005184,518.403100
7.821477,173.749587,420.000000,-6694857.334274,733255.003848,925137.571625,8.499325,-0.930859,-1.172938,8.630227,8.624979,0.005248,524.773743
7.041987,174.381314,420.000000,-6714439.961287,660567.567170,833428.850508,8.524204,-0.838582,-1.056663,8.630284,8.624979,0.005305,530.549903
6.261653,175.010919,420.000000,-6731977.304843,587678.915213,741466.258889,8.546484,-0.746049,-0.940065,8.630336,8.624979,0.005357,535.730697
5.480571,175.638645,420.000000,-6747464.022898,514611.250565,649277.809466,8.566159,-0.653288,-0.823180,8.630382,8.624979,0.005403,540.313307
4.698837,176.264731,420.000000,-6760895.398048,441386.830344,556891.583732,8.583223,-0.560328,-0.706043,8.630422,8.624979,0.005443,544.294876
3.916545,176.889413,420.000000,-6772267.338965,368027.959420,464335.723427,8.597670,-0.467196,-0.588691,8.630456,8.624979,0.005477,547.674885
3.133790,177.512928,420.000000,-6781576.381646,294556.983614,371638.421962,8.609497,-0.373922,-0.471159,8.630483,8.624979,0.005505,550.454399
2.350666,178.135510,420.000000,-6788819.690467,220996.282897,278827.915834,8.618699,-0.280534,-0.353484,8.630505,8.624979,0.005526,552.632385
1.567264,178.757394,420.000000,-6793995.059046,147368.264572,185932.476022,8.625274,-0.187061,-0.235701,8.630521,8.624979,0.005542,554.202919
0.783678,179.378813,420.000000,-6797100.910914,73695.356446,92980.399376,8.629219,-0.093530,-0.117845,8.630530,8.624979,0.005552,555.156500
0.000000,180.000000,420.000000,-6798136.300000,0.000000,0.000000,8.630534,0.000030,0.000045,8.630534,8.624979,0.005555,555.484639
-0.783678,-179.378813,420.000000,-6797100.910914,-73695.356446,-92980.399376,8.629217,0.093589,0.117936,8.630531,8.624979,0.005552,555.183790
-1.567264,-178.757394,420.000000,-6793995.059046,-147368.264572,-185932.476022,8.625270,0.187120,0.235791,8.630521,8.624979,0.005543,554.255787
-2.350666,-178.135510,420.000000,-6788819.690467,-220996.282897,-278827.915834,8.618694,0.280594,0.353573,8.630506,8.624979,0.005527,552.705596
-3.133790,-177.512928,420.000000,-6781576.381646,-294556.983614,-371638.421962,8.609490,0.373983,0.471248,8.630484,8.624979,0.005505,550.539433
-3.916545,-176.889413,420.000000,-6772267.338965,-368027.959420,-464335.723427,8.597662,0.467257,0.588779,8.630457,8.624979,0.005478,547.764995
-4.698837,-176.264731,420.000000,-6760895.398048,-441386.830344,-556891.583732,8.583213,0.560389,0.706130,8.630423,8.624979,0.005444,544.392571
-5.480571,-175.638645,420.000000,-6747464.022898,-514611.250565,-649277.809466,8.566148,0.653349,0.823266,8.630383,8.624979,0.005404,540.434377
-6.261653,-175.010919,420.000000,-6731977.304843,-587678.915213,-741466.258889,8.546471,0.746110,0.940150,8.630338,8.624979,0.005359,535.901056
-7.041987,-174.381314,420.000000,-6714439.961287,-660567.567170,-833428.850508,8.524190,0.838644,1.056746,8.630287,8.624979,0.005308,530.797198
-7.821477,-173.749587,420.000000,-6694857.334274,-733255.003848,-925137.571625,8.499311,0.930922,1.173019,8.630230,8.624979,0.005251,525.119133
-8.600024,-173.115496,420.000000,-6673235.388862,-805719.083948,-1016564.486875,8.471841,1.022916,1.288934,8.630167,8.624979,0.005189,518.856916
-9.377530,-172.478795,420.000000,-6649580.711306,-877937.734210,-1107681.746735,8.441788,1.114597,1.404454,8.630099,8.624979,0.005120,511.999457
-10.153892,-171.839235,420.000000,-6623900.507050,-949888.956133,-1198461.596005,8.409163,1.205939,1.519544,8.630024,8.624979,0.005045,504.539722
-10.929010,-171.196567,420.000000,-6596202.598532,-1021550.832678,-1288876.382263,8.373973,1.296912,1.634171,8.629944,8.624979,0.004965,496.477246
-11.702779,-170.550535,420.000000,-6566495.422803,-1092901.534944,-1378898.564289,8.336232,1.387490,1.748298,8.629857,8.624979,0.004878,487.817590
-12.475093,-169.900881,420.000000,-6534788.028958,-1163919.328815,-1468500.720455,8.295949,1.477644,1.861891,8.629765,8.624979,0.004786,478.570591
-13.245844,-169.247345,420.000000,-6501090.075375,-1234582.581584,-1557655.557076,8.253137,1.567346,1.974917,8.629666,8.624979,0.004687,468.749558
-14.014922,-168.589662,420.000000,-6465411.826778,-1304869.768538,-1646335.916724,8.207810,1.656569,2.087339,8.629563,8.624979,0.004584,458.371894
-14.782215,-167.927561,420.000000,-6427764.151106,-1374759.479521,-1734514.786504,8.159981,1.745287,2.199125,8.629453,8.624979,0.004475,447.459810
-15.547606,-167.260770,420.000000,-6388158.516207,-1444230.425448,-1822165.306278,8.109665,1.833471,2.310240,8.629339,8.624979,0.004360,436.039607
-16.310979,-166.589011,420.000000,-6346606.986340,-1513261.444797,-1909260.776847,8.056878,1.921096,2.420650,8.629220,8.624979,0.004241,424.139313
-17.072212,-165.912000,420.000000,-6303122.218504,-1581831.510051,-1995774.668088,8.001636,2.008133,2.530322,8.629097,8.624979,0.004118,411.785848
-17.831182,-165.229450,420.000000,-6257717.458581,-1649919.734103,-2081680.627032,7.943956,2.094558,2.639222,8.628969,8.624979,0.003990,399.002829
-18.587761,-164.541067,420.000000,-6210406.537300,-1717505.376621,-2166952.485892,7.883855,2.180343,2.747318,8.628837,8.624979,0.003858,385.809307
-19.341819,-163.846554,420.000000,-6161203.866027,-1784567.850364,-2251564.270032,7.821353,2.265463,2.854575,8.628701,8.624979,0.003722,372.219284
-20.093222,-163.145605,420.000000,-6110124.432370,-1851086.727452,-2335490.205884,7.756467,2.349892,2.960961,8.628561,8.624979,0.003582,358.242337
-20.841832,-162.437910,420.000000,-6057183.795622,-1917041.745591,-2418704.728795,7.689219,2.433604,3.066444,8.628418,8.624979,0.003439,343.885846
-21.587506,-161.723154,420.000000,-6002398.082012,-1982412.814243,-2501182.490816,7.619628,2.516573,3.170991,8.628270,8.624979,0.003292,329.158372
-22.330098,-161.001013,420.000000,-5945783.979800,-2047180.020748,-2582898.368420,7.547715,2.598775,3.274571,8.628120,8.624979,0.003141,314.072461
-23.069457,-160.271159,420.000000,-5887358.734189,-2111323.636387,-2663827.470160,7.473504,2.680183,3.377151,8.627965,8.624979,0.002986,298.645309
-23.805428,-159.533257,420.000000,-5827140.142076,-2174824.122394,-2743945.144247,7.397015,2.760774,3.478701,8.627808,8.624979,0.002829,282.897549
-24.537849,-158.786964,420.000000,-5765146.546627,-2237662.135905,-2823226.986062,7.318274,2.840523,3.579190,8.627647,8.624979,0.002669,266.852058
-25.266555,-158.031932,420.000000,-5701396.831691,-2299818.535853,-2901648.845589,7.237304,2.919404,3.678586,8.627484,8.624979,0.002505,250.534049
-25.991374,-157.267804,420.000000,-5635910.416050,-2361274.388796,-2979186.834767,7.154129,2.997395,3.776861,8.627319,8.624979,0.002340,233.971540
-26.712129,-156.494219,420.000000,-5568707.247500,-2422010.974685,-3055817.334776,7.068776,3.074472,3.873985,8.627151,8.624979,0.002172,217.194084
-27.428636,-155.710806,420.000000,-5499807.796777,-2482009.792570,-3131517.003223,6.981270,3.150611,3.969927,8.626981,8.624979,0.002002,200.229280
-28.140708,-154.917190,420.000000,-5429233.051322,-2541252.566228,-3206262.781254,6.891639,3.225789,4.064658,8.626810,8.624979,0.001831,183.099285
-28.848146,-154.112987,420.000000,-5357004.508884,-2599721.249736,-3280031.900583,6.799909,3.299983,4.158150,8.626637,8.624979,0.001658,165.820162
-29.550749,-153.297807,420.000000,-5283144.170979,-2657398.032968,-3352801.890420,6.706109,3.373172,4.250373,8.626463,8.624979,0.001484,148.404585
-30.248306,-152.471255,420.000000,-5207674.536180,-2714265.347016,-3424550.584323,6.610268,3.445331,4.341300,8.626288,8.624979,0.001309,130.865501
-30.940601,-151.632927,420.000000,-5130618.593270,-2770305.869546,-3495256.126942,6.512414,3.516440,4.430904,8.626111,8.624979,0.001132,113.218005
-31.627408,-150.782414,420.000000,-5051999.814235,-2825502.530071,-3564896.980687,6.412577,3.586477,4.519156,8.625934,8.624979,0.000955,95.479041
-32.308494,-149.919304,420.000000,-4971842.147117,-2879838.515155,-3633451.932277,6.310788,3.655421,4.606029,8.625756,8.624979,0.000777,77.666716
-32.983618,-149.043177,420.000000,-4890170.008717,-2933297.273529,-3700900.099210,6.207079,3.723250,4.691499,8.625577,8.624979,0.000598,59.800785
-33.652530,-148.153609,420.000000,-4807008.277160,-2985862.521138,-3767220.936122,6.101480,3.789944,4.775538,8.625398,8.624979,0.000419,41.903856
-34.314972,-147.250173,420.000000,-4722382.284316,-3037518.246098,-3832394.241043,5.994024,3.855482,4.858121,8.625219,8.624979,0.000240,24.001752
-34.970675,-146.332438,420.000000,-4636317.808081,-3088248.713576,-3896400.161552,5.884743,3.919845,4.939223,8.625040,8.624979,0.000061,6.122284
-35.619364,-145.399973,420.000000,-4548841.064529,-3138038.470579,-3959219.200827,5.773672,3.983013,5.018820,8.624862,8.624979,-0.000117,-11.706743
-36.260751,-144.452343,420.000000,-4459978.699923,-3186872.350664,-4020832.223580,5.660844,4.044968,5.096887,8.624684,8.624979,-0.000295,-29.459123
-36.894540,-143.489116,420.000000,-4369757.782600,-3234735.478560,-4081220.461887,5.546293,4.105689,5.173401,8.624508,8.624979,-0.000471,-47.111074
-37.520425,-142.509859,420.000000,-4278205.794726,-3281613.274694,-4140365.520905,5.430055,4.165159,5.248339,8.624332,8.624979,-0.000646,-64.641455
-38.138089,-141.514145,420.000000,-4185350.623923,-3327491.459634,-4198249.384478,5.312165,4.223360,5.321677,8.624159,8.624979,-0.000820,-82.031281
-38.747205,-140.501550,420.000000,-4091220.554775,-3372356.058442,-4254854.420618,5.192659,4.280274,5.393393,8.623986,8.624979,-0.000993,-99.262254
-39.347436,-139.471657,420.000000,-3995844.260214,-3416193.404926,-4310163.386884,5.071572,4.335884,5.463466,8.623816,8.624979,-0.001163,-116.314795
-39.938434,-138.424058,420.000000,-3899250.792783,-3458990.145804,-4364159.435629,4.948943,4.390173,5.531874,8.623647,8.624979,-0.001332,-133.166969
-40.519840,-137.358356,420.000000,-3801469.575787,-3500733.244777,-4416826.119133,4.824809,4.443124,5.598597,8.623481,8.624979,-0.001498,-149.795268
-41.091287,-136.274168,420.000000,-3702530.394333,-3541409.986491,-4468147.394615,4.699207,4.494721,5.663615,8.623317,8.624979,-0.001662,-166.176524
-41.652393,-135.171129,420.000000,-3602463.386253,-3581007.980416,-4518107.629116,4.572175,4.544950,5.726907,8.623156,8.624979,-0.001823,-182.289128
-42.202770,-134.048892,420.000000,-3501299.032928,-3619515.164621,-4566691.604266,4.443753,4.593793,5.788455,8.622998,8.624979,-0.001981,-198.112662
-42.742018,-132.907134,420.000000,-3399068.150000,-3656919.809444,-4613884.520914,4.313979,4.641238,5.848240,8.622843,8.624979,-0.002136,-213.626935
-43.269728,-131.745557,420.000000,-3295801.877986,-3693210.521067,-4659672.003642,4.182894,4.687268,5.906244,8.622691,8.624979,-0.002288,-228.811946
-43.785481,-130.563895,420.000000,-3191531.672792,-3728376.244988,-4704040.105138,4.050536,4.731871,5.962448,8.622542,8.624979,-0.002436,-243.648921
-44.288849,-129.361915,420.000000,-3086289.296135,-3762406.269388,-4746975.310449,3.916946,4.775033,6.016837,8.622398,8.624979,-0.002581,-258.121100
-44.779397,-128.139423,420.000000,-2980106.805859,-3795290.228391,-4788464.541095,3.782165,4.816741,6.069394,8.622257,8.624979,-0.002722,-272.213395
-45.256683,-126.896267,420.000000,-2873016.546182,-3827018.105225,-4828495.159056,3.646235,4.856982,6.120102,8.622120,8.624979,-0.002859,-285.911607
-45.720256,-125.632342,420.000000,-2765051.137834,-3857580.235270,-4867054.970616,3.509195,4.895744,6.168947,8.621987,8.624979,-0.002992,-299.202460
-46.169661,-124.347596,420.000000,-2656243.468123,-3886967.309007,-4904132.230084,3.371088,4.933015,6.215912,8.621858,8.624979,-0.003121,-312.074295
-46.604441,-123.042031,420.000000,-2546626.680920,-3915170.374847,-4939715.643367,3.231957,4.968784,6.260985,8.621734,8.624979,-0.003245,-324.517008
-47.024131,-121.715712,420.000000,-2436234.166560,-3942180.841864,-4973794.371413,3.091842,5.003040,6.304151,8.621614,8.624979,-0.003365,-336.520560
-47.428269,-120.368767,420.000000,-2325099.551673,-3967990.482408,-5006358.033512,2.950788,5.035773,6.345398,8.621498,8.624979,-0.003481,-348.073473
-47.816390,-119.001395,420.000000,-2213256.688939,-3992591.434612,-5037396.710455,2.808837,5.066972,6.384712,8.621387,8.624979,-0.003592,-359.163150
-48.188033,-117.613870,420.000000,-2100739.646777,-4015976.204788,-5066900.947563,2.666031,5.096629,6.422082,8.621281,8.624979,-0.003698,-369.777765
-48.542739,-116.206541,420.000000,-1987582.698969,-4038137.669709,-5094861.757557,2.522416,5.124735,6.457496,8.621180,8.624979,-0.003799,-379.907256
-48.880054,-114.779839,420.000000,-1873820.314216,-4059069.078776,-5121270.623305,2.378033,5.151280,6.490944,8.621083,8.624979,-0.003895,-389.541676
-49.199535,-113.334282,420.000000,-1759487.145643,-4078764.056082,-5146119.500411,2.232928,5.176256,6.522416,8.620992,8.624979,-0.003987,-398.668318
-49.500745,-111.870469,420.000000,-1644618.020241,-4097216.602344,-5169400.819665,2.087144,5.199657,6.551902,8.620906,8.624979,-0.004073,-407.270730
-49.783263,-110.389092,420.000000,-1529247.928258,-4114421.096738,-5191107.489352,1.940726,5.221475,6.579393,8.620826,8.624979,-0.004153,-415.330721
-50.046680,-108.890929,420.000000,-1413412.012543,-4130372.298609,-5211232.897411,1.793718,5.241703,6.604882,8.620751,8.624979,-0.004228,-422.831132
-50.290605,-107.376848,420.000000,-1297145.557836,-4145065.349066,-5229770.913447,1.646165,5.260336,6.628360,8.620681,8.624979,-0.004298,-429.756677
-50.514668,-105.847804,420.000000,-1180483.980026,-4158495.772464,-5246715.890600,1.498111,5.277367,6.649821,8.620618,8.624979,-0.004361,-436.093133
-50.718519,-104.304838,420.000000,-1063462.815361,-4170659.477765,-5262062.667267,1.349602,5.292792,6.669258,8.620561,8.624979,-0.004418,-441.827690
-50.901835,-102.749074,420.000000,-946117.709620,-4181552.759787,-5275806.568671,1.200683,5.306605,6.686665,8.620509,8.624979,-0.004470,-446.951611
-51.064318,-101.181713,420.000000,-828484.407260,-4191172.300331,-5287943.408287,1.051400,5.318803,6.702037,8.620464,8.624979,-0.004515,-451.462477
-51.205700,-99.604031,420.000000,-710598.740523,-4199515.169191,-5298469.489114,0.901796,5.329383,6.715369,8.620425,8.624979,-0.004554,-455.362350
-51.325745,-98.017370,420.000000,-592496.618526,-4206578.825049,-5307381.604808,0.751919,5.338340,6.726657,8.620392,8.624979,-0.004587,-458.652130
-51.424247,-96.423130,420.000000,-474214.016320,-4212361.116247,-5314677.040652,0.601813,5.345672,6.735897,8.620366,8.624979,-0.004613,-461.326989
-51.501038,-94.822765,420.000000,-355786.963930,-4216860.281443,-5320353.574384,0.451524,5.351378,6.743088,8.620345,8.624979,-0.004634,-463.377170
-51.555985,-93.217767,420.000000,-237251.535385,-4220074.950148,-5324409.476878,0.301098,5.355454,6.748226,8.620331,8.624979,-0.004648,-464.793052
-51.588991,-91.609663,420.000000,-118643.837724,-4222004.143142,-5326843.512667,0.150580,5.357901,6.751311,8.620323,8.624979,-0.004656,-465.569229
-51.600000,-90.000000,420.000000,-0.000000,-4222647.272774,-5327654.940319,0.000017,5.358717,6.752341,8.620322,8.624979,-0.004657,-465.704307
-51.588991,-88.390337,420.000000,118643.837724,-4222004.143142,-5326843.512667,-0.150547,5.357901,6.751316,8.620327,8.624979,-0.004652,-465.198515
-51.555985,-86.782233,420.000000,237251.535385,-4220074.950148,-5324409.476878,-0.301065,5.355455,6.748236,8.620338,8.624979,-0.004641,-464.053220
-51.501038,-85.177235,420.000000,355786.963930,-4216860.281443,-5320353.574384,-0.451491,5.351379,6.743103,8.620356,8.624979,-0.004623,-462.272663
-51.424247,-83.576870,420.000000,474214.016320,-4212361.116247,-5314677.040652,-0.601781,5.345674,6.735917,8.620380,8.624979,-0.004599,-459.864015
-51.325745,-81.982630,420.000000,592496.618526,-4206578.825049,-5307381.604808,-0.751887,5.338342,6.726682,8.620411,8.624979,-0.004568,-456.833511
-51.205700,-80.395969,420.000000,710598.740523,-4199515.169191,-5298469.489114,-0.901765,5.329385,6.715399,8.620447,8.624979,-0.004532,-453.182633
-51.064318,-78.818287,420.000000,828484.407260,-4191172.300331,-5287943.408287,-1.051370,5.318806,6.702072,8.620490,8.624979,-0.004489,-448.911007
-50.901835,-77.250926,420.000000,946117.709620,-4181552.759787,-5275806.568671,-1.200655,5.306608,6.686705,8.620539,8.624979,-0.004440,-444.026680
-50.718519,-75.695162,420.000000,1063462.815361,-4170659.477765,-5262062.667267,-1.349576,5.292794,6.669303,8.620593,8.624979,-0.004386,-438.555170
-50.514668,-74.152196,420.000000,1180483.980026,-4158495.772464,-5246715.890600,-1.498087,5.277369,6.649871,8.620654,8.624979,-0.004325,-432.536729
-50.290605,-72.623152,420.000000,1297145.557836,-4145065.349066,-5229770.913447,-1.646143,5.260337,6.628413,8.620719,8.624979,-0.004260,-426.010605
-50.046680,-71.109071,420.000000,1413412.012543,-4130372.298609,-5211232.897411,-1.793698,5.241704,6.604937,8.620789,8.624979,-0.004190,-418.997373
-49.783263,-69.610908,420.000000,1529247.928258,-4114421.096738,-5191107.489352,-1.940708,5.221475,6.579449,8.620864,8.624979,-0.004115,-411.493277
-49.500745,-68.129531,420.000000,1644618.020241,-4097216.602344,-5169400.819665,-2.087129,5.199656,6.551958,8.620944,8.624979,-0.004035,-403.480848
-49.199535,-66.665718,420.000000,1759487.145643,-4078764.056082,-5146119.500411,-2.232914,5.176254,6.522472,8.621029,8.624979,-0.003949,-394.947006
-48.880054,-65.220161,420.000000,1873820.314216,-4059069.078776,-5121270.623305,-2.378021,5.151276,6.491000,8.621120,8.624979,-0.003859,-385.895415
-48.542739,-63.793459,420.000000,1987582.698969,-4038137.669709,-5094861.757557,-2.522405,5.124730,6.457552,8.621215,8.624979,-0.003763,-376.346523
-48.188033,-62.386130,420.000000,2100739.646777,-4015976.204788,-5066900.947563,-2.666021,5.096623,6.422137,8.621316,8.624979,-0.003663,-366.328657
-47.816390,-60.998605,420.000000,2213256.688939,-3992591.434612,-5037396.710455,-2.808828,5.066965,6.384766,8.621420,8.624979,-0.003559,-355.867696
-47.428269,-59.631233,420.000000,2325099.551673,-3967990.482408,-5006358.033512,-2.950780,5.035764,6.345451,8.621529,8.624979,-0.003450,-344.980125
-47.024131,-58.284288,420.000000,2436234.166560,-3942180.841864,-4973794.371413,-3.091835,5.003030,6.304202,8.621642,8.624979,-0.003337,-333.670125
-46.604441,-56.957969,420.000000,2546626.680920,-3915170.374847,-4939715.643367,-3.231950,4.968772,6.261033,8.621760,8.624979,-0.003219,-321.930241
-46.169661,-55.652404,420.000000,2656243.468123,-3886967.309007,-4904132.230084,-3.371082,4.933003,6.215958,8.621881,8.624979,-0.003097,-309.746064
-45.720256,-54.367658,420.000000,2765051.137834,-3857580.235270,-4867054.970616,-3.509189,4.895731,6.168989,8.622008,8.624979,-0.002971,-297.104587
-45.256683,-53.103733,420.000000,2873016.546182,-3827018.105225,-4828495.159056,-3.646228,4.856969,6.120143,8.622139,8.624979,-0.002840,-284.003088
-44.779397,-51.860577,420.000000,2980106.805859,-3795290.228391,-4788464.541095,-3.782159,4.816729,6.069433,8.622274,8.624979,-0.002705,-270.453912
-44.288849,-50.638085,420.000000,3086289.296135,-3762406.269388,-4746975.310449,-3.916940,4.775021,6.016875,8.622414,8.624979,-0.002565,-256.482699
-43.785481,-49.436105,420.000000,3191531.672792,-3728376.244988,-4704040.105138,-4.050529,4.731858,5.962486,8.622558,8.624979,-0.002421,-242.121879
-43.269728,-48.254443,420.000000,3295801.877986,-3693210.521067,-4659672.003642,-4.182886,4.687255,5.906280,8.622705,8.624979,-0.002274,-227.403467
-42.742018,-47.092866,420.000000,3399068.150000,-3656919.809444,-4613884.520914,-4.313971,4.641223,5.848276,8.622855,8.624979,-0.002124,-212.354032
-42.202770,-45.951108,420.000000,3501299.032928,-3619515.164621,-4566691.604266,-4.443745,4.593779,5.788490,8.623009,8.624979,-0.001970,-196.992338
-41.652393,-44.828871,420.000000,3602463.386253,-3581007.980416,-4518107.629116,-4.572166,4.544935,5.726941,8.623166,8.624979,-0.001813,-181.329343
-41.091287,-43.725832,420.000000,3702530.394333,-3541409.986491,-4468147.394615,-4.699197,4.494707,5.663647,8.623325,8.624979,-0.001654,-165.370781
-40.519840,-42.641644,420.000000,3801469.575787,-3500733.244777,-4416826.119133,-4.824798,4.443110,5.598628,8.623488,8.624979,-0.001491,-149.122267
-39.938434,-41.575942,420.000000,3899250.792783,-3458990.145804,-4364159.435629,-4.948932,4.390159,5.531904,8.623653,8.624979,-0.001326,-132.594976
-39.347436,-40.528343,420.000000,3995844.260214,-3416193.404926,-4310163.386884,-5.071561,4.335872,5.463495,8.623821,8.624979,-0.001158,-115.808453
-38.747205,-39.498450,420.000000,4091220.554775,-3372356.058442,-4254854.420618,-5.192646,4.280263,5.393422,8.623991,8.624979,-0.000988,-98.788537
-38.138089,-38.485855,420.000000,4185350.623923,-3327491.459634,-4198249.384478,-5.312152,4.223349,5.321706,8.624163,8.624979,-0.000816,-81.561998
-37.520425,-37.490141,420.000000,4278205.794726,-3281613.274694,-4140365.520905,-5.430042,4.165149,5.248368,8.624337,8.624979,-0.000642,-64.152219
-36.894540,-36.510884,420.000000,4369757.782600,-3234735.478560,-4081220.461887,-5.546280,4.105680,5.173432,8.624513,8.624979,-0.000466,-46.579287
-36.260751,-35.547657,420.000000,4459978.699923,-3186872.350664,-4020832.223580,-5.660830,4.044959,5.096920,8.624690,8.624979,-0.000289,-28.864172
-35.619364,-34.600027,420.000000,4548841.064529,-3138038.470579,-3959219.200827,-5.773658,3.983005,5.018854,8.624869,8.624979,-0.000110,-11.033523
-34.970675,-33.667562,420.000000,4636317.808081,-3088248.713576,-3896400.161552,-5.884729,3.919837,4.939260,8.625048,8.624979,0.000069,6.878537
-34.314972,-32.749827,420.000000,4722382.284316,-3037518.246098,-3832394.241043,-5.994010,3.855474,4.858160,8.625227,8.624979,0.000248,24.832682
-33.652530,-31.846391,420.000000,4807008.277160,-2985862.521138,-3767220.936122,-6.101466,3.789935,4.775579,8.625407,8.624979,0.000428,42.789076
-32.983618,-30.956823,420.000000,4890170.008717,-2933297.273529,-3700900.099210,-6.207064,3.723240,4.691542,8.625586,8.624979,0.000607,60.711744
-32.308494,-30.080696,420.000000,4971842.147117,-2879838.515155,-3633451.932277,-6.310774,3.655410,4.606075,8.625765,8.624979,0.000786,78.570843
-31.627408,-29.217586,420.000000,5051999.814235,-2825502.530071,-3564896.980687,-6.412562,3.586465,4.519203,8.625942,8.624979,0.000963,96.342728
-30.940601,-28.367073,420.000000,5130618.593270,-2770305.869546,-3495256.126942,-6.512398,3.516427,4.430952,8.626119,8.624979,0.001140,114.008873
-30.248306,-27.528745,420.000000,5207674.536180,-2714265.347016,-3424550.584323,-6.610252,3.445317,4.341350,8.626294,8.624979,0.001316,131.554695
-29.550749,-26.702193,420.000000,5283144.170979,-2657398.032968,-3352801.890420,-6.706093,3.373156,4.250423,8.626469,8.624979,0.001490,148.968474
-28.848146,-25.887013,420.000000,5357004.508884,-2599721.249736,-3280031.900583,-6.799892,3.299967,4.158200,8.626641,8.624979,0.001662,166.239796
-28.140708,-25.082810,420.000000,5429233.051322,-2541252.566228,-3206262.781254,-6.891621,3.225772,4.064708,8.626812,8.624979,0.001834,183.357271
-27.428636,-24.289194,420.000000,5499807.796777,-2482009.792570,-3131517.003223,-6.981252,3.150593,3.969976,8.626982,8.624979,0.002003,200.306368
-26.712129,-23.505781,420.000000,5568707.247500,-2422010.974685,-3055817.334776,-7.068757,3.074453,3.874033,8.627150,8.624979,0.002171,217.068912
-25.991374,-22.732196,420.000000,5635910.416050,-2361274.388796,-2979186.834767,-7.154109,2.997376,3.776907,8.627315,8.624979,0.002336,233.624998
-25.266555,-21.968068,420.000000,5701396.831691,-2299818.535853,-2901648.845589,-7.237283,2.919384,3.678630,8.627478,8.624979,0.002500,249.956164
-24.537849,-21.213036,420.000000,5765146.546627,-2237662.135905,-2823226.986062,-7.318253,2.840502,3.579230,8.627639,8.624979,0.002660,266.047462
-23.805428,-20.466743,420.000000,5827140.142076,-2174824.122394,-2743945.144247,-7.396994,2.760754,3.478738,8.627798,8.624979,0.002819,281.886873
-23.069457,-19.728841,420.000000,5887358.734189,-2111323.636387,-2663827.470160,-7.473482,2.680163,3.377184,8.627953,8.624979,0.002975,297.462657
-22.330098,-18.998987,420.000000,5945783.979800,-2047180.020748,-2582898.368420,-7.547694,2.598755,3.274600,8.628106,8.624979,0.003128,312.760664
-21.587506,-18.276846,420.000000,6002398.082012,-1982412.814243,-2501182.490816,-7.619608,2.516553,3.171017,8.628257,8.624979,0.003278,327.763134
-20.841832,-17.562090,420.000000,6057183.795622,-1917041.745591,-2418704.728795,-7.689200,2.433584,3.066467,8.628403,8.624979,0.003424,342.448854
-20.093222,-16.854395,420.000000,6110124.432370,-1851086.727452,-2335490.205884,-7.756450,2.349872,2.960981,8.628547,8.624979,0.003568,356.793741
-19.341819,-16.153446,420.000000,6161203.866027,-1784567.850364,-2251564.270032,-7.821337,2.265442,2.854591,8.628687,8.624979,0.003708,370.771506
-18.587761,-15.458933,420.000000,6210406.537300,-1717505.376621,-2166952.485892,-7.883841,2.180321,2.747331,8.628822,8.624979,0.003844,384.354965
-17.831182,-14.770550,420.000000,6257717.458581,-1649919.734103,-2081680.627032,-7.943943,2.094535,2.639232,8.628954,8.624979,0.003975,397.518338
-17.072212,-14.088000,420.000000,6303122.218504,-1581831.510051,-1995774.668088,-8.001624,2.008109,2.530328,8.629081,8.624979,0.004102,410.239684
-16.310979,-13.410989,420.000000,6346606.986340,-1513261.444797,-1909260.776847,-8.056866,1.921069,2.420652,8.629204,8.624979,0.004225,422.501990
-15.547606,-12.739230,420.000000,6388158.516207,-1444230.425448,-1822165.306278,-8.109654,1.833444,2.310236,8.629322,8.624979,0.004343,434.292310
-14.782215,-12.072439,420.000000,6427764.151106,-1374759.479521,-1734514.786504,-8.159970,1.745258,2.199116,8.629435,8.624979,0.004456,445.599877
-14.014922,-11.410338,420.000000,6465411.826778,-1304869.768538,-1646335.916724,-8.207799,1.656540,2.087323,8.629543,8.624979,0.004564,456.414694
-13.245844,-10.752655,420.000000,6501090.075375,-1234582.581584,-1557655.557076,-8.253127,1.567316,1.974894,8.629646,8.624979,0.004667,466.727149
-12.475093,-10.099119,420.000000,6534788.028958,-1163919.328815,-1468500.720455,-8.295940,1.477613,1.861862,8.629744,8.624979,0.004765,476.527902
-11.702779,-9.449465,420.000000,6566495.422803,-1092901.534944,-1378898.564289,-8.336223,1.387460,1.748262,8.629837,8.624979,0.004858,485.807158
-10.929010,-8.803433,420.000000,6596202.598532,-1021550.832678,-1288876.382263,-8.373967,1.296883,1.634128,8.629924,8.624979,0.004946,494.553507
-10.153892,-8.160765,420.000000,6623900.507050,-949888.956133,-1198461.596005,-8.409157,1.205909,1.519495,8.630006,8.624979,0.005028,502.753519
-9.377530,-7.521205,420.000000,6649580.711306,-877937.734210,-1107681.746735,-8.441785,1.114568,1.404399,8.630083,8.624979,0.005104,510.392949
-8.600024,-6.884504,420.000000,6673235.388862,-805719.083948,-1016564.486875,-8.471839,1.022886,1.288875,8.630153,8.624979,0.005175,517.458966
-7.821477,-6.250413,420.000000,6694857.334274,-733255.003848,-925137.571625,-8.499311,0.930892,1.172957,8.630218,8.624979,0.005239,523.941713
-7.041987,-5.618686,420.000000,6714439.961287,-660567.567170,-833428.850508,-8.524191,0.838614,1.056681,8.630277,8.624979,0.005298,529.833920
-6.261653,-4.989081,420.000000,6731977.304843,-587678.915213,-741466.258889,-8.546474,0.746080,0.940082,8.630330,8.624979,0.005351,535.128883
-5.480571,-4.361355,420.000000,6747464.022898,-514611.250565,-649277.809466,-8.566150,0.653318,0.823197,8.630377,8.624979,0.005398,539.818650
-4.698837,-3.735269,420.000000,6760895.398048,-441386.830344,-556891.583732,-8.583216,0.560356,0.706060,8.630418,8.624979,0.005439,543.894072
-3.916545,-3.110587,420.000000,6772267.338965,-368027.959420,-464335.723427,-8.597664,0.467223,0.588708,8.630452,8.624979,0.005473,547.346752
-3.133790,-2.487072,420.000000,6781576.381646,-294556.983614,-371638.421962,-8.609492,0.373948,0.471177,8.630481,8.624979,0.005502,550.171157
-2.350666,-1.864490,420.000000,6788819.690467,-220996.282897,-278827.915834,-8.618695,0.280559,0.353501,8.630503,8.624979,0.005524,552.365019
-1.567264,-1.242606,420.000000,6793995.059046,-147368.264572,-185932.476022,-8.625270,0.187084,0.235717,8.630518,8.624979,0.005539,553.927900
-0.783678,-0.621187,420.000000,6797100.910914,-73695.356446,-92980.399376,-8.629216,0.093551,0.117861,8.630527,8.624979,0.005549,554.859822
